territory,year,area,code,surface,WeWorld Index Italia,Sottoindice Contesto,Sottoindice Minori,Sottoindice Donne,Contesto: Ambiente,Contesto: Abitazione,Contesto: Digitalizzazione,Contesto: Sicurezza e protezione,Contesto: Violenza contro donne e bambini,Minori: Salute,Minori: Istruzione,Minori: Povertà educativa,Minori: Capitale umano,Minori: Capitale economico,Donne: Salute,Donne: Educazione,Donne: Opportunità economiche,Donne: Conciliazione vita-lavoro,Donne: Partecipazione politica,Indicatore 1,Indicatore 2,Indicatore 3,Indicatore 4,Indicatore 5,Indicatore 6,Indicatore 7,Indicatore 8,Indicatore 9,Indicatore 10,Indicatore 11,Indicatore 12,Indicatore 13,Indicatore 14,Indicatore 15,Indicatore 16,Indicatore 17,Indicatore 18,Indicatore 19,Indicatore 20,Indicatore 21,Indicatore 22,Indicatore 23,Indicatore 24,Indicatore 25,Indicatore 26,Indicatore 27,Indicatore 28,Indicatore 29,Indicatore 30,Indicatore 1 (dato),Indicatore 2 (dato),Indicatore 3 (dato),Indicatore 4 (dato),Indicatore 5 (dato),Indicatore 6 (dato),Indicatore 7 (dato),Indicatore 8 (dato),Indicatore 9 (dato),Indicatore 10 (dato),Indicatore 11 (dato),Indicatore 12 (dato),Indicatore 13 (dato),Indicatore 14 (dato),Indicatore 15 (dato),Indicatore 16 (dato),Indicatore 17 (dato),Indicatore 18 (dato),Indicatore 19 (dato),Indicatore 20 (dato),Indicatore 21 (dato),Indicatore 22 (dato),Indicatore 23 (dato),Indicatore 24 (dato),Indicatore 25 (dato),Indicatore 26 (dato),Indicatore 27 (dato),Indicatore 28 (dato),Indicatore 29 (dato),Indicatore 30 (dato),Popolazione (totale),Popolazione (0-17),Popolazione (donne),Popolazione (0-13),EU Social Progress Index 2.0,Subnational HDI,PIL per abitante
Abruzzo,2018,Sud,13.0,10831.838800000001,42.5,42.8,60.6,29.5,61.4,58.7,10.7,61.2,61.5,68.3,65.3,57.2,69.1,46.6,38.3,23.7,27.2,51.1,17.7,59.6,63.2,51.6,65.8,11.1,10.2,63.0,59.3,68.8,54.2,40.2,96.4,68.3,62.2,104.0,10.4,84.4,53.8,73.1,20.0,44.0,32.7,42.7,4.69,17.2,37.1,43.2,59.0,28.1,7.37,14.0,463.0,9.1,16.2,11.32553770199352,12.5,0.5,9.1,0.19715961993540065,27.9961359657067,29.9,896.4941176470588,31.7,37.8,8.4,8.9,66.7,27.9,10.2,25112.592402178914,66.0,55.7,31.8,6.8,24.5694108248437,31.1,23.0,80.6,23.8,6.5,1306059.0,198756.0,669327.0,152404.0,,0.891,25112.592402178914
Abruzzo,2019,Sud,13.0,10831.838800000001,46.0,44.9,57.5,37.7,66.2,55.7,17.3,61.4,46.7,65.5,64.3,52.7,73.5,38.5,40.5,30.9,30.6,60.0,33.0,69.1,63.2,36.7,74.7,16.2,18.4,63.0,59.8,35.3,58.0,35.7,95.3,67.0,61.6,94.0,11.4,85.6,61.3,56.5,20.6,45.5,35.4,55.8,6.13,24.2,37.1,45.5,74.4,38.1,27.8,11.875,463.0,11.9,12.0,16.35086083808394,18.65,0.5,9.0,0.4518814082432207,25.65650487988441,31.2,901.6987951807229,33.0,38.4,9.9,9.5,67.7,31.8,16.5,25388.41410082479,66.3,56.5,34.8,7.6,22.5096543761741,31.1,23.9,87.9,27.475,16.1,1300645.0,195749.0,665584.0,149682.0,,0.896,25388.41410082479
Abruzzo,2020,Sud,13.0,10831.838800000001,49.8,53.6,55.8,41.2,65.7,47.8,25.8,79.4,68.7,59.8,62.2,50.3,68.4,42.3,50.4,33.7,29.8,62.1,38.0,65.7,65.7,31.4,64.3,25.1,26.6,83.4,75.4,75.5,61.8,39.5,80.1,65.5,59.0,92.6,7.96,85.9,50.9,67.8,16.7,48.6,52.1,62.3,5.05,23.2,36.4,49.4,74.8,48.2,27.8,12.625,454.0,12.9,16.9,25.22960726805038,24.8,0.2,5.5,0.15152146490952276,23.31687379406212,30.1,972.2847682119206,34.5,41.0,10.1,7.4,67.9,26.4,12.2,23553.8,66.9,61.4,36.3,7.0,22.8090762982458,30.9,25.4,88.1,31.15,16.1,1293941.0,192796.0,662198.0,146815.0,,0.891,23553.8
Abruzzo,2021,Sud,13.0,10831.838800000001,49.7,54.0,53.9,42.3,67.3,53.6,37.6,73.5,45.9,56.7,60.2,58.5,48.6,47.0,46.7,42.7,30.6,51.5,43.1,70.2,64.3,45.2,62.0,40.5,34.7,76.1,70.9,53.7,38.0,36.3,77.2,64.0,56.4,107.0,10.3,86.4,10.8,71.2,22.7,48.1,45.3,75.7,9.71,24.8,36.4,49.9,53.0,58.3,27.8,11.625,459.0,10.3,18.0,40.67288557830574,30.950000000000003,0.3,6.5,0.30605889491314814,37.87681443703413,31.05,986.1360544217687,36.0,43.6,8.0,8.8,68.3,5.6,10.9,26343.91404380133,66.8,59.4,39.4,9.6,22.3088272234227,30.9,25.6,77.8,34.825,16.1,1281012.0,191175.0,655427.0,144962.0,,0.896,26343.91404380133
Abruzzo,2022,Sud,13.0,10831.838800000001,51.3,54.8,55.7,44.4,65.6,59.6,47.7,61.1,43.2,48.6,60.6,54.1,65.4,51.3,49.6,44.4,31.7,51.1,48.1,65.2,65.9,67.0,52.3,52.4,42.9,57.2,65.1,53.2,33.3,33.0,64.2,64.4,56.9,98.0,10.3,86.5,44.3,75.2,27.5,48.1,51.1,77.0,11.9,26.7,36.8,56.1,46.1,68.4,27.8,12.75,453.0,6.2,22.6,52.52662104183764,37.1,0.6,7.8,0.31,40.75924287613831,32.0,1046.2941176470588,35.6,43.1,9.3,8.8,68.4,23.0,9.4,28611.4639566821,66.8,61.1,39.7,10.8,21.7670442974072,31.0,28.0,74.5,38.5,16.1,1275950.0,188767.0,651788.0,142296.0,,0.901,28611.4639566821
Abruzzo,2023,Sud,13.0,10831.838800000001,51.3,53.7,58.0,43.5,65.6,64.8,50.2,62.0,33.8,48.6,61.1,54.8,74.8,53.9,42.4,38.8,37.0,52.9,48.1,65.2,65.9,67.0,62.6,57.4,42.9,57.2,66.9,34.4,33.3,33.0,64.2,64.3,57.9,99.3,10.3,90.1,59.6,75.2,32.6,41.9,42.9,67.9,9.71,37.2,36.8,56.1,49.7,68.4,27.8,12.75,453.0,6.2,17.7,57.54211836522182,37.1,0.6,7.4,0.46,40.75924287613831,32.0,1046.2941176470588,35.7,42.1,9.1,8.8,71.2,30.9,9.4,31011.722130438204,65.6,58.7,37.6,9.6,18.6258950637375,31.0,28.0,76.2,38.5,16.1,1272627.0,186118.0,649948.0,139315.0,87.3,,31011.722130438204
Basilicata,2018,Sud,17.0,10073.32,36.4,44.6,50.8,21.2,82.9,74.5,9.96,54.8,52.3,51.6,57.2,50.3,67.1,34.0,34.0,29.9,27.9,35.0,4.37,73.7,92.1,75.5,73.4,6.0,13.9,32.4,77.2,64.0,40.5,43.2,59.9,61.8,52.6,86.6,14.0,77.7,56.5,52.5,15.5,36.2,31.7,51.9,7.92,16.7,39.1,26.9,43.1,4.98,3.75,10.85714285714286,356.0,4.6,12.6,6.22423624603028,15.3,1.1,5.1,0.230511279781337,36.333628057765985,29.0,1066.3898305084747,38.2,47.4,11.0,11.1,61.4,29.3,18.0,22955.945754279604,64.5,55.4,33.9,8.6,24.7287355181543,31.7,16.7,73.1,15.4,4.8,562968.0,84825.0,286113.0,62917.0,,0.865,22955.945754279604
Basilicata,2019,Sud,17.0,10073.32,40.1,54.7,51.2,22.9,83.7,76.3,18.8,83.2,49.2,50.9,58.5,48.6,66.0,37.0,33.5,34.2,25.5,49.7,4.37,75.0,92.4,73.9,78.7,12.4,25.2,83.4,83.0,64.0,34.4,31.7,70.1,62.1,54.8,81.9,15.4,79.3,52.6,58.8,15.1,44.5,22.5,63.1,5.23,12.5,38.4,36.7,62.6,4.98,3.75,10.57142857142857,355.0,4.9,10.1,12.624724250146398,23.8,0.2,3.8,0.230511279781337,40.11644797366,32.4,1019.0666666666667,37.9,45.2,11.7,11.9,62.7,27.3,15.6,22795.42336211549,66.1,52.7,36.5,7.1,25.9703480143641,31.5,20.5,82.3,15.4,4.8,558587.0,82612.0,283890.0,61144.0,,0.867,22795.42336211549
Basilicata,2020,Sud,17.0,10073.32,37.8,56.4,43.5,22.0,84.3,74.6,28.1,73.7,43.8,49.4,56.0,38.1,61.7,23.9,43.4,25.5,25.3,42.6,4.37,76.3,92.3,68.9,80.4,19.7,36.5,63.0,84.4,64.0,23.5,27.6,71.1,60.5,51.6,69.2,6.97,80.1,43.4,36.9,10.9,47.6,39.2,46.2,4.69,12.8,37.8,39.3,45.8,4.98,3.75,10.28571428571429,355.5,5.85,9.3,19.91423991102499,32.3,0.5,3.5,0.230511279781337,46.723798437132345,33.6,1014.0338983050848,39.55,48.35,13.6,6.8,63.3,22.5,23.9,20817.6,66.7,57.6,32.6,6.8,25.8744739604676,31.3,21.5,74.4,15.4,4.8,553254.0,80749.0,281104.0,59828.0,,0.865,20817.6
Basilicata,2021,Sud,17.0,10073.32,41.1,64.6,45.2,23.8,87.1,73.3,37.3,84.8,55.9,44.7,53.6,54.7,44.2,32.7,36.2,38.1,27.5,46.3,4.37,82.0,92.1,63.8,82.7,26.7,47.8,83.4,86.1,64.0,47.7,25.2,64.3,58.8,48.5,102.0,7.47,80.1,8.29,48.0,17.3,39.3,33.1,65.3,11.0,17.2,37.8,45.0,47.5,4.98,3.75,9.0,356.0,6.8,8.2,26.87728823511536,40.8,0.2,3.1,0.230511279781337,31.93192307205988,34.3,1045.9285714285713,41.2,51.5,8.7,7.1,63.3,4.3,19.7,23824.082870557904,65.1,55.8,37.0,10.3,24.5717451827728,31.3,23.7,75.2,15.4,4.8,545130.0,79087.0,277141.0,58572.0,,0.872,23824.082870557904
Basilicata,2022,Sud,17.0,10073.32,41.9,64.6,48.8,23.3,85.8,71.5,48.3,82.7,46.0,46.3,55.5,54.9,54.1,36.3,39.1,32.9,24.5,50.4,4.37,79.5,92.1,71.3,71.7,37.4,59.2,83.4,82.1,64.0,28.0,22.8,69.7,60.0,51.1,102.0,7.47,79.7,28.5,50.9,21.7,43.5,34.8,56.6,9.17,11.5,37.4,41.6,59.2,4.98,3.75,9.571428571428571,356.0,5.4,13.4,37.52848539685268,49.3,0.2,4.0,0.230511279781337,44.029773462783176,35.0,1020.5535714285714,40.0,48.9,8.649999999999999,7.1,63.0,14.8,18.6,25892.203624397476,65.9,56.3,35.0,9.3,26.2695210284495,31.2,22.4,80.7,15.4,4.8,541168.0,77250.0,274690.0,57151.0,,0.88,25892.203624397476
Basilicata,2023,Sud,17.0,10073.32,42.4,66.1,51.4,22.4,85.8,73.7,51.1,84.8,46.0,46.3,55.9,55.1,65.9,38.1,26.5,40.6,27.1,44.5,4.37,79.5,92.1,71.3,76.1,43.1,59.2,83.4,86.1,64.0,28.0,22.8,69.7,60.8,51.0,103.0,7.47,82.6,49.2,50.9,25.2,37.3,15.7,68.8,12.4,16.3,37.8,41.6,47.3,4.98,3.75,9.571428571428571,356.0,5.4,11.3,43.24264412118323,49.3,0.2,3.1,0.230511279781337,44.029773462783176,35.0,1020.5535714285714,39.2,49.0,8.6,7.1,65.3,25.5,18.6,27538.28912962271,64.7,50.7,37.8,11.1,24.8306112508513,31.3,22.4,75.1,15.4,4.8,537577.0,75492.0,272392.0,55717.0,83.0,,27538.28912962271
Calabria,2018,Sud,18.0,15221.9021,28.0,30.3,32.0,22.7,72.5,48.0,5.61,40.3,32.4,58.5,46.9,17.9,57.0,12.0,33.9,14.0,23.9,13.6,39.0,67.2,77.8,67.0,29.0,6.09,5.13,6.14,74.5,59.0,5.9,26.9,90.2,52.0,41.7,26.4,9.44,68.6,45.5,20.6,3.38,41.9,25.9,25.4,2.54,25.7,22.1,12.2,15.0,77.8,0.341,12.30769230769231,409.0,6.2,33.6,6.30859098235301,8.7,1.8,5.7,0.2667275694616938,57.50891124275367,33.8,925.4302325581396,48.0,58.3,20.0,8.3,54.2,23.6,30.1,17259.730806005944,65.6,53.7,27.8,5.6,22.0430476358504,26.6,11.0,59.8,41.9,3.2,1924257.0,315332.0,981187.0,238761.0,,0.848,17259.730806005944
Calabria,2019,Sud,18.0,15221.9021,33.8,40.0,37.5,25.7,74.3,56.9,12.8,44.6,42.7,66.4,46.0,21.3,57.1,19.9,30.5,13.9,21.6,31.5,39.1,69.2,79.4,79.8,34.1,11.2,14.4,12.9,76.3,67.5,17.9,40.2,92.5,51.0,41.0,33.7,8.95,69.2,44.9,35.9,3.93,36.8,24.2,25.4,2.36,20.7,22.5,12.0,51.1,77.9,0.341,11.84615384615385,403.0,3.8,31.2,11.37368471809803,15.649999999999999,1.6,5.3,0.20613605185558523,50.15576122644192,29.9,914.63671875,49.0,59.0,18.9,8.0,54.7,23.3,24.3,17517.416853029266,64.6,53.2,27.8,5.5,23.5387846947774,26.7,10.9,76.9,41.95,3.2,1912021.0,309448.0,974088.0,234147.0,,0.851,17517.416853029266
Calabria,2020,Sud,18.0,15221.9021,36.5,46.8,39.0,26.6,80.4,51.1,16.7,67.8,48.5,67.2,45.0,25.6,48.7,24.0,34.8,14.8,20.3,27.5,46.1,76.5,84.3,84.0,18.1,9.76,23.6,51.6,83.9,67.3,29.7,39.5,94.8,50.0,39.9,47.1,4.17,68.9,28.5,43.3,4.79,47.1,22.5,27.1,2.54,18.4,22.1,14.5,40.6,78.0,14.2,10.23076923076923,385.0,3.0,38.8,9.97085279822193,22.6,0.7,3.6,0.20778735042557447,42.98609304454639,30.1,904.1102362204724,50.0,60.06666666666667,16.9,5.1,54.5,14.8,21.5,17925.416610314416,66.6,52.7,28.2,5.6,24.2102762645752,26.6,11.9,71.9,42.0,9.7,1894110.0,303661.0,966378.0,229644.0,,0.849,16490.4
Calabria,2021,Sud,18.0,15221.9021,37.7,55.4,35.1,27.5,76.4,57.6,27.7,75.5,56.7,28.1,43.9,35.9,48.1,25.0,40.0,11.2,21.8,28.6,56.5,74.8,78.1,76.1,39.2,22.6,32.9,63.0,87.9,82.6,30.7,29.8,26.5,49.0,38.9,66.5,5.33,70.4,25.8,44.3,5.66,53.8,26.3,16.3,6.13,21.8,21.8,21.5,35.7,78.2,34.8,10.61538461538461,408.0,4.5,28.8,22.80324158293183,29.55,0.5,2.7,0.10539828959655644,42.34387911894624,32.95,1221.6075268817203,51.0,61.13333333333333,14.0,5.8,55.7,13.4,21.1,18333.41636759957,67.9,53.8,25.7,7.6,23.1976340853071,26.5,14.6,69.6,42.05,19.4,1860601.0,301321.0,952616.0,227219.0,,0.851,18333.41636759957
Calabria,2022,Sud,18.0,15221.9021,39.4,51.6,37.5,31.7,79.5,56.9,37.9,64.0,33.1,51.3,43.4,48.3,47.4,14.6,38.4,16.5,21.4,41.9,56.6,78.6,80.5,85.1,28.7,33.7,42.1,41.5,86.6,39.2,27.1,20.1,82.5,49.0,37.8,91.3,5.33,71.6,23.1,20.9,8.37,53.3,23.5,25.0,8.1,20.7,22.1,24.3,59.4,78.3,34.8,9.76923076923077,399.0,2.8,33.75,33.90435268868332,36.5,0.9,3.0,0.42,44.55544623844309,35.8,961.4655172413793,51.0,62.2,10.3,5.8,56.6,12.0,30.0,19612.477085359267,67.8,53.0,27.7,8.7,23.5448577404932,26.6,15.7,80.8,42.1,19.4,1855454.0,296792.0,946965.0,223060.0,,0.859,19612.477085359267
Calabria,2023,Sud,18.0,15221.9021,41.8,56.1,39.9,32.6,79.5,51.7,39.0,63.8,54.5,51.3,45.0,43.3,62.6,16.1,36.0,24.7,20.5,35.6,56.6,78.6,80.5,85.1,18.3,35.9,42.1,41.5,86.1,81.9,27.1,20.1,82.5,50.6,39.3,81.3,5.33,77.3,48.0,20.9,11.4,48.1,23.9,43.2,6.31,18.4,22.5,24.3,46.9,78.3,34.8,9.76923076923077,399.0,2.8,38.7,36.099560773568804,36.5,0.9,3.1,0.11,44.55544623844309,35.8,961.4655172413793,49.4,60.7,11.8,5.8,61.1,24.9,30.0,21049.60382068816,66.8,53.1,31.9,7.7,24.2062956714233,26.7,15.7,74.9,42.1,19.4,1846610.0,291964.0,942391.0,219059.0,82.5,,21049.60382068816
Campania,2018,Sud,15.0,13670.9477,32.8,44.8,35.1,22.4,62.4,61.8,20.1,59.5,39.2,44.5,50.5,20.3,58.7,20.0,37.1,13.1,21.8,9.83,53.7,58.9,65.9,61.2,62.4,22.1,18.2,51.6,67.4,68.3,10.0,21.4,67.5,55.0,46.0,37.1,3.51,67.2,50.3,33.0,6.95,40.9,33.4,22.8,3.44,17.1,26.5,8.08,11.6,63.8,43.6,14.16,453.0,7.3,17.8,22.30993778006672,18.5,0.7,7.3,0.20066168189605224,54.9886986481385,35.4,1030.8976377952756,45.0,54.0,18.4,4.7,53.1,26.1,25.4,18941.793266221568,65.4,55.9,27.2,6.1,24.6083072920565,27.9,9.4,58.2,36.8,23.5,5762889.0,1046335.0,2954012.0,785544.0,,0.856,18941.793266221568
Campania,2019,Sud,15.0,13670.9477,36.2,53.4,37.5,23.7,63.3,70.5,33.3,63.4,46.2,41.7,50.5,23.9,63.2,23.4,45.7,14.2,22.3,10.0,51.2,60.7,65.9,63.3,77.6,40.7,25.9,57.2,69.6,83.1,9.37,13.2,70.1,55.1,45.9,45.1,2.69,66.9,59.6,38.8,7.91,51.2,40.2,26.3,2.19,18.2,26.5,10.7,9.36,58.8,43.6,13.74074074074074,453.0,6.9,10.6,40.80489439640316,24.275,0.6,6.8,0.10224495847150604,55.38725124737164,37.8,1018.945623342175,44.9,54.1,17.2,4.2,52.9,30.9,23.2,19395.932438964755,67.4,57.9,28.0,5.4,24.2866904025268,27.9,10.4,57.150000000000006,35.0,23.5,5740291.0,1026209.0,2940733.0,768285.0,,0.861,19395.932438964755
Campania,2020,Sud,15.0,13670.9477,34.1,52.0,34.3,22.2,62.2,62.4,39.4,65.3,38.2,39.5,47.9,17.9,56.3,25.0,41.5,15.3,21.6,9.68,40.4,58.3,66.2,58.0,66.8,45.3,33.5,51.6,79.0,67.6,8.72,8.81,70.3,53.2,42.5,33.1,2.69,67.5,45.1,44.9,5.17,45.5,37.5,28.9,1.83,17.1,26.1,12.2,7.14,53.9,27.0,14.28571428571429,452.0,7.9,15.7,45.46524060537554,30.05,0.7,4.7,0.20549074700852563,55.785803846604765,39.1,1018.0920162381597,46.849999999999994,57.45,19.0,4.2,53.4,23.4,20.9,18103.2,66.3,57.1,28.6,5.2,24.5969521292927,27.8,11.0,56.1,33.2,15.7,5712143.0,1006498.0,2927527.0,752370.0,,0.856,18103.2
Campania,2021,Sud,15.0,13670.9477,36.0,55.3,34.2,24.6,62.0,63.9,48.1,62.0,43.8,41.5,45.2,26.6,39.4,23.9,45.4,16.9,21.2,14.6,37.9,63.1,60.8,63.8,63.9,55.0,41.2,46.4,77.6,82.8,4.84,13.2,69.7,51.2,39.2,50.5,2.69,67.5,11.2,38.8,8.99,50.7,40.2,28.4,5.41,16.7,25.8,14.0,15.2,48.9,27.0,13.21428571428571,472.0,6.8,17.1,55.10283300610253,35.825,0.8,5.0,0.10428095932225719,58.15245149389005,37.8,1020.654794520548,48.8,60.8,16.4,4.2,53.4,5.8,23.2,19900.916583574843,67.3,57.9,28.5,7.2,24.7357921143607,27.7,11.7,59.9,31.4,15.7,5624260.0,998534.0,2885222.0,745078.0,,0.859,19900.916583574843
Campania,2022,Sud,15.0,13670.9477,38.9,56.5,39.3,26.5,58.8,65.8,56.1,58.0,45.7,45.4,46.9,27.6,55.1,29.0,41.4,20.5,18.9,22.8,35.5,54.9,62.7,65.4,66.2,63.4,48.9,41.5,74.5,83.5,7.95,17.7,73.0,52.0,41.8,52.5,2.69,68.0,42.2,45.1,12.8,44.0,38.8,35.4,5.59,12.7,25.1,17.9,27.7,44.0,27.0,15.03571428571429,465.0,6.5,16.0,63.471322976290146,41.6,0.9,5.7,0.1,56.256105187007755,36.5,1005.2099447513813,48.0,58.2,16.1,4.2,53.8,21.9,20.8,21718.614653373683,66.0,57.5,30.1,7.3,25.9081247843408,27.5,13.2,65.8,29.6,15.7,5624420.0,978676.0,2876843.0,727772.0,,0.868,21718.614653373683
Campania,2023,Sud,15.0,13670.9477,39.4,56.2,41.4,26.3,58.8,68.0,60.5,57.3,40.4,45.4,48.1,27.9,65.4,30.6,37.1,25.0,17.3,22.1,35.5,54.9,62.7,65.4,70.6,72.0,48.9,41.5,73.2,72.8,7.95,17.7,73.0,53.9,42.3,53.1,2.69,71.8,59.0,45.1,16.0,39.9,34.4,42.3,7.74,9.51,25.1,17.9,26.4,44.0,27.0,15.03571428571429,465.0,6.5,13.9,72.0985566634985,41.6,0.9,6.0,0.17,56.256105187007755,36.5,1005.2099447513813,46.1,57.7,16.0,4.2,56.8,30.6,20.8,23213.84579681168,65.2,56.2,31.7,8.5,26.857579302287,27.5,13.2,65.2,29.6,15.7,5609536.0,959767.0,2870290.0,712971.0,80.0,,23213.84579681168
Centro,2018,,,,53.9,50.1,66.9,46.8,50.1,73.6,25.5,54.5,61.6,68.6,67.1,63.2,80.3,57.2,44.2,35.3,38.1,66.3,57.0,61.6,38.7,69.7,77.6,23.1,28.0,69.3,39.6,69.0,54.2,54.5,82.6,69.4,64.8,90.6,35.8,85.6,75.0,79.4,35.0,44.5,43.9,61.8,8.81,50.3,25.8,69.8,62.8,65.7,48.3,13.551274449221621,554.0,5.7,10.6,23.258870557931225,25.9,0.4,13.5,0.19600825913467906,28.014259282042925,25.7,960.7743562628575,30.6,35.2,10.4,24.3,67.7,38.9,7.8,32140.8593691335,66.1,59.0,36.2,9.1,14.740767495167,27.7,33.3,82.4,37.5,25.7,11889462.0,1869681.0,6148909.0,1445449.0,,,32140.8593691335
Centro,2019,,,,56.8,56.0,67.2,48.6,52.2,76.9,36.3,57.6,65.7,70.0,66.3,62.5,79.0,59.8,43.3,40.6,38.6,69.2,57.5,64.4,40.0,72.9,81.0,34.3,38.4,69.3,45.9,69.0,62.4,54.5,85.5,68.4,64.2,89.3,35.6,86.3,71.7,83.1,36.6,47.1,39.5,72.2,8.99,51.4,25.8,75.0,63.4,60.8,54.2,12.917966951082228,549.0,5.1,9.0,34.449310251120465,33.675,0.4,12.1,0.19600825913467906,22.9960950765854,25.7,947.347843934426,31.6,35.8,10.6,24.2,68.2,37.2,6.4,32895.94673310942,66.6,57.7,38.6,9.2,14.4139208417147,27.7,35.3,82.7,35.725,28.5,11868484.0,1843654.0,6132374.0,1417636.0,,,32895.94673310942
Centro,2020,,,,58.0,60.0,64.3,50.5,55.4,73.6,42.7,67.7,65.7,70.9,64.2,55.5,75.2,57.7,49.6,43.6,37.2,68.4,59.8,63.5,47.3,65.4,81.8,36.7,48.7,69.3,66.0,73.6,57.8,54.5,87.3,66.8,61.7,79.9,31.2,86.5,63.8,85.0,30.4,47.1,52.1,80.5,6.66,48.9,25.5,77.0,59.8,55.9,63.6,13.1165174260353,522.0,6.5,8.6,36.84401101165159,41.45,0.4,7.6,0.16414326489817618,25.779642980651825,25.7,939.1132694225458,33.25,38.25,12.0,21.5,68.4,33.1,5.7,30008.2,66.6,61.4,40.5,7.9,15.16436911133,27.6,36.1,81.0,33.95,32.9,11831092.0,1819018.0,6112008.0,1389785.0,,,30008.2
Centro,2021,,,,57.3,62.0,62.0,49.0,55.9,73.5,54.6,67.2,60.7,70.9,62.2,64.6,53.7,59.8,43.4,40.8,38.1,72.9,57.3,68.5,43.3,65.9,81.0,50.2,59.1,69.3,65.1,59.4,61.9,54.5,87.2,65.1,59.3,94.6,34.5,87.0,20.4,82.3,37.2,38.8,48.0,69.6,12.0,50.0,26.1,78.6,67.2,51.1,63.6,12.015000758568435,537.0,6.4,9.0,50.285349824924644,49.225,0.4,7.8,0.263543370261799,23.302160461069864,25.7,939.2685076728482,34.9,40.7,9.8,23.5,68.8,10.6,6.7,33210.185138163375,65.0,60.2,38.0,10.9,14.8333357293456,27.8,36.7,84.5,32.175,32.9,11786952.0,1805655.0,6083938.0,1369782.0,,,33210.185138163375
Centro,2022,,,,61.5,66.1,68.2,51.6,54.5,80.6,63.8,65.2,69.0,75.1,62.4,69.9,70.0,64.3,50.5,47.8,39.0,70.6,54.9,64.2,44.9,76.1,85.2,58.3,69.4,69.3,61.1,72.8,65.2,54.5,95.6,64.8,60.0,105.0,34.5,87.5,52.4,84.2,44.4,51.2,49.7,82.2,13.3,51.2,26.8,84.0,57.3,46.2,63.6,12.969243149612034,531.0,4.5,7.0,58.38839305821702,57.0,0.4,8.7,0.17,21.270121599020325,25.7,900.3943176949394,35.2,40.0,8.2,23.5,69.2,27.2,6.0,36602.22615186461,67.4,60.7,40.9,11.6,14.4892051242583,28.0,38.8,79.8,30.4,32.9,11724035.0,1782100.0,6038208.0,1338443.0,,,36602.22615186461
Centro,2023,,,,62.3,65.1,71.4,52.0,54.5,80.0,66.5,61.6,65.3,75.1,61.6,73.9,81.6,66.4,45.8,54.1,37.9,69.3,58.6,64.2,44.9,76.1,84.0,63.5,69.4,69.3,53.9,65.5,65.2,54.5,95.6,64.5,58.6,113.0,34.5,89.5,73.6,84.2,48.7,47.1,44.6,91.8,16.5,48.7,27.1,84.0,54.5,46.2,71.0,12.969243149612034,531.0,4.5,7.6,63.630453080568614,57.0,0.4,10.3,0.22,21.280380112692843,25.7,900.3603787214288,35.5,41.4,7.0,23.5,70.8,38.2,6.0,38599.48280717925,66.6,59.2,43.1,13.4,15.2361291197976,28.1,38.8,78.5,30.4,36.4,11723222.0,1753064.0,6036051.0,1304469.0,,,38599.48280717925
Emilia-Romagna,2018,Nord-est,8.0,22452.7779,57.4,51.2,72.8,50.7,30.6,87.6,39.6,46.2,72.0,79.6,68.6,69.2,82.9,65.4,41.9,45.7,34.8,76.9,65.6,46.5,14.8,80.8,94.3,24.9,54.2,69.3,23.1,70.0,74.1,57.9,101.0,69.7,67.5,88.0,50.4,86.3,79.6,87.1,43.7,41.9,41.9,77.4,14.0,53.2,16.5,85.0,68.7,61.0,70.2,16.91666666666667,642.3333333333334,3.6,2.7,25.062393770206782,45.6,0.4,17.2,0.18913653570101238,15.815466374764448,24.7,874.0558213716108,30.3,32.5,10.8,33.2,68.2,41.3,4.9,36267.160553372116,65.6,58.4,39.8,12.0,13.8987427852168,24.9,39.2,85.2,35.8,36.0,4445920.0,705259.0,2286741.0,548033.0,,0.923,36267.160553372116
Emilia-Romagna,2019,Nord-est,8.0,22452.7779,58.0,50.8,72.7,52.7,32.0,83.7,45.9,48.4,57.1,80.7,67.6,68.2,83.0,65.8,43.8,47.3,37.5,74.8,70.1,48.7,15.3,74.5,93.0,30.1,61.7,63.0,33.8,42.5,71.6,62.0,99.4,68.3,66.9,85.9,50.4,87.4,78.7,87.2,44.3,44.0,43.6,81.8,12.8,57.9,17.1,87.3,62.3,69.9,70.2,16.41666666666667,640.6666666666666,4.8,3.3,30.230596083172678,51.25,0.5,14.8,0.3930007440814088,17.354669647363423,23.5,882.6439024390244,31.7,33.1,11.1,33.2,69.1,40.8,4.85,36544.041467793264,66.0,58.9,40.8,11.3,12.5003117066411,25.1,40.1,82.2,39.05,36.0,4459453.0,701402.0,2289806.0,542826.0,,0.927,36544.041467793264
Emilia-Romagna,2020,Nord-est,8.0,22452.7779,61.0,59.5,70.8,53.8,31.0,88.5,52.0,65.2,80.4,80.1,65.8,69.8,76.2,63.3,55.4,44.5,36.1,72.2,70.3,46.3,15.7,83.5,93.5,34.8,69.3,76.1,54.4,78.6,82.1,58.9,101.0,66.9,64.6,92.6,47.0,87.1,65.2,87.3,39.4,53.3,57.5,79.2,9.89,55.0,17.1,88.9,55.6,78.9,61.7,16.95833333333333,639.0,3.1,3.1,34.979141101733816,56.900000000000006,0.3,10.2,0.13128312847695162,10.941643417987287,24.4,873.8071895424837,33.1,35.35,10.1,31.1,68.9,33.8,4.8,34217.5,67.8,63.0,40.2,9.7,13.347143462405,25.1,40.7,79.0,42.3,32.0,4464119.0,695380.0,2290338.0,534770.0,,0.919,34217.5
Emilia-Romagna,2021,Nord-est,8.0,22452.7779,59.2,57.8,66.0,54.4,35.0,88.2,60.3,53.2,64.9,76.4,64.0,72.6,52.9,66.5,45.6,51.9,35.8,75.5,74.7,54.9,15.2,84.0,92.4,43.8,76.8,51.6,54.8,47.6,82.1,53.1,99.8,65.5,62.4,94.0,51.3,86.9,18.9,85.2,47.7,45.5,45.6,87.9,16.0,53.8,17.8,91.2,59.8,87.8,61.7,15.04166666666667,641.0,3.0,3.6,43.9434396306554,62.550000000000004,0.7,10.1,0.3523800630407933,10.949610569568389,26.1,881.1243697478992,34.5,37.6,9.9,33.7,68.7,9.8,5.6,38147.08655095412,66.3,59.5,42.2,13.1,13.7211895939976,25.3,41.6,81.0,45.55,32.0,4438937.0,687029.0,2272949.0,524269.0,,0.928,38147.08655095412
Emilia-Romagna,2022,Nord-est,8.0,22452.7779,61.5,60.5,69.4,55.3,34.1,86.0,68.3,57.8,69.6,72.7,64.2,74.0,66.9,69.7,47.1,46.7,37.8,78.9,79.2,51.0,17.3,79.2,92.8,52.4,84.3,63.0,52.6,53.2,86.1,47.3,98.1,65.2,63.1,96.7,51.3,86.1,47.6,86.3,53.2,52.2,41.9,77.9,15.4,57.5,18.1,95.1,62.8,96.7,61.7,15.91666666666667,633.0,3.9,3.4,52.47055003005047,68.2,0.5,10.6,0.31,8.501388827653102,27.8,888.7219343696028,34.8,36.9,9.5,33.7,68.1,24.7,5.2,40738.6454893377,67.6,58.4,39.9,12.8,12.6162486520334,25.4,43.1,82.4,48.8,32.0,4425366.0,680430.0,2261831.0,514570.0,,0.935,40738.6454893377
Emilia-Romagna,2023,Nord-est,8.0,22452.7779,63.6,61.5,73.9,56.5,34.1,86.4,70.9,57.8,73.0,72.7,63.1,81.3,81.3,72.5,46.3,52.7,38.7,77.3,79.2,51.0,17.3,79.2,93.5,57.5,84.3,63.0,52.6,59.9,86.1,47.3,98.1,64.2,62.0,111.0,51.3,88.4,74.2,86.3,58.7,50.7,41.9,86.6,18.8,58.2,19.1,95.1,59.6,96.7,61.7,15.91666666666667,633.0,3.9,3.1,57.645454929990706,68.2,0.5,10.6,0.26,8.501388827653102,27.8,888.7219343696028,35.8,38.0,7.3,33.7,69.9,38.5,5.2,43345.70734341253,67.3,58.4,41.9,14.7,12.4064138551856,25.7,43.1,80.9,48.8,32.0,4437578.0,673516.0,2266572.0,505116.0,95.9,,43345.70734341253
Friuli-Venezia Giulia,2018,Nord-est,6.0,7862.302399999999,53.8,48.1,68.1,47.5,57.5,90.2,16.3,53.0,57.5,52.0,72.5,79.5,81.8,59.7,42.8,50.6,41.9,64.2,41.4,59.6,55.4,83.0,97.5,12.5,20.2,51.6,54.4,38.6,76.4,60.3,43.6,71.7,73.3,101.0,58.3,86.8,76.9,85.2,34.2,44.0,41.6,86.1,15.1,55.0,28.8,68.0,60.4,58.8,24.0,14.0,492.0,3.2,1.2,12.68314428541042,20.0,0.7,10.2,0.425146795216886,14.39418507128879,24.0,1141.825,28.3,26.7,8.9,38.0,68.6,39.9,5.6,31765.24548893294,66.0,58.3,41.8,12.6,13.3571809822789,28.6,32.6,81.3,35.0,14.3,1211155.0,178850.0,623608.0,137019.0,,0.904,31765.24548893294
Friuli-Venezia Giulia,2019,Nord-est,6.0,7862.302399999999,57.7,57.2,69.8,48.2,58.8,89.6,29.8,68.6,56.7,56.7,71.6,80.7,81.3,62.1,53.5,44.7,37.8,62.0,46.5,64.1,53.5,84.8,94.3,23.3,36.3,76.1,61.1,44.8,68.6,64.0,49.4,71.7,71.5,102.0,59.3,88.7,74.0,88.4,35.8,54.3,52.8,75.3,14.2,46.4,29.1,70.8,53.3,69.1,24.0,13.0,499.0,2.85,2.7,23.4766799592144,32.125,0.3,8.7,0.37452065138788704,19.16948931048586,22.9,1115.1570247933885,28.3,28.5,8.7,38.6,70.1,38.4,4.4,32530.139267566006,68.0,61.6,39.3,12.1,15.9131865282222,28.7,33.7,77.9,38.75,14.3,1210414.0,176778.0,621751.0,134934.0,,0.91,32530.139267566006
Friuli-Venezia Giulia,2020,Nord-est,6.0,7862.302399999999,60.1,62.3,68.3,51.2,56.9,91.4,39.9,80.5,56.1,60.3,69.0,75.3,80.1,58.9,59.9,47.1,37.1,64.8,51.7,59.6,54.3,86.7,96.2,27.3,52.4,83.4,77.6,51.3,60.8,70.5,50.2,69.8,68.2,101.0,49.3,90.1,70.2,86.5,31.3,58.9,60.9,84.8,9.35,46.1,28.1,73.7,56.0,79.4,24.0,14.0,496.0,2.5,1.8,27.51241501896612,44.25,0.2,5.0,0.3238945075588881,23.944793549682934,21.0,1111.453781512605,30.15,31.75,8.8,32.5,71.2,36.4,5.1,30424.9,68.9,64.0,41.5,9.4,15.9841393515114,28.4,34.8,79.2,42.5,14.3,1206216.0,174255.0,619497.0,132263.0,,0.904,30424.9
Friuli-Venezia Giulia,2021,Nord-est,6.0,7862.302399999999,60.8,69.9,64.7,49.8,60.0,90.7,55.9,79.6,68.7,61.7,66.5,79.2,55.2,63.3,43.9,51.0,40.5,59.4,56.8,67.1,53.0,87.8,93.7,43.2,68.6,83.4,75.9,62.4,75.1,74.9,48.4,68.0,65.0,103.0,55.7,89.3,21.0,88.1,38.5,42.9,45.0,86.6,15.4,52.2,28.8,78.8,39.9,89.7,24.0,12.33333333333333,501.0,2.3,3.0,43.37991535518947,56.375,0.2,5.4,0.24194725377944404,15.236011652603846,19.7,1119.7758620689656,32.0,35.0,8.6,36.4,70.6,10.9,4.5,33806.91816375929,65.8,59.3,41.9,12.8,14.2018219978323,28.6,36.8,71.6,46.25,14.3,1201510.0,172322.0,615649.0,129894.0,,0.908,33806.91816375929
Friuli-Venezia Giulia,2022,Nord-est,6.0,7862.302399999999,62.8,70.8,68.6,51.0,53.9,87.3,68.3,74.0,74.7,62.3,67.2,82.2,69.0,63.9,44.8,42.0,42.5,69.8,62.0,53.0,54.9,79.2,95.4,51.9,84.7,76.1,71.8,74.3,75.1,79.4,45.2,67.9,66.5,109.0,55.7,90.1,48.0,85.2,42.6,46.0,43.6,70.9,13.1,55.9,29.1,82.7,56.8,100.0,24.0,15.46666666666667,494.0,3.9,2.2,52.03500584473366,68.5,0.3,6.3,0.16,15.236011652603846,18.4,1134.642857142857,32.1,33.5,7.7,36.4,71.2,24.9,5.6,35742.044697756195,66.4,58.9,38.3,11.5,13.0920899009752,28.7,38.3,79.6,50.0,14.3,1194647.0,169986.0,611943.0,127080.0,,0.918,35742.044697756195
Friuli-Venezia Giulia,2023,Nord-est,6.0,7862.302399999999,64.9,70.0,71.6,54.5,53.9,87.1,70.9,67.5,74.7,62.3,65.2,85.9,81.8,66.0,48.9,49.3,42.5,70.1,67.1,53.0,54.9,79.2,94.9,57.0,84.7,76.1,58.9,74.3,75.1,79.4,45.2,66.1,64.4,116.0,55.7,91.9,71.7,85.2,46.7,50.2,47.7,77.4,21.2,56.6,28.5,82.7,57.5,100.0,34.2,15.46666666666667,494.0,3.9,2.4,57.132137520409664,68.5,0.3,9.2,0.16,15.236011652603846,18.4,1134.642857142857,33.9,35.6,6.6,36.4,72.7,37.2,5.6,37672.471533824515,67.2,60.1,39.8,16.0,12.8763951640517,28.5,38.3,79.9,50.0,19.1,1194248.0,167858.0,611346.0,124767.0,97.5,,37672.471533824515
Isole,2018,,,,33.8,40.1,37.7,25.5,68.3,55.6,16.5,57.3,28.9,69.1,49.4,14.9,58.4,25.7,38.3,9.79,26.1,22.8,48.3,73.6,63.0,66.5,44.7,16.9,16.0,51.6,62.9,46.7,11.2,36.8,101.0,54.3,44.5,11.6,18.2,65.1,51.7,44.9,6.49,44.5,32.0,15.4,4.16,28.1,24.1,19.4,26.2,72.0,24.6,10.866836847430196,464.0,6.3,26.2,17.08592715436474,16.9,0.7,8.3,0.3598161519371677,54.29404373067539,30.9,873.1313145427707,45.7,55.5,22.2,13.6,51.5,26.8,20.9,18726.226681727836,66.1,55.5,25.5,6.5,21.3425491412541,27.2,13.8,65.1,39.8,14.6,6573228.0,1074665.0,3368988.0,812304.0,,,
Isole,2019,,,,36.3,47.3,39.7,25.4,71.2,62.2,25.5,60.8,34.7,68.8,49.2,18.6,60.4,26.0,38.8,7.57,27.7,25.7,50.8,77.3,65.1,75.0,49.3,25.7,25.2,51.6,70.0,46.7,22.6,36.8,101.0,54.1,44.2,17.7,19.5,66.4,54.4,44.6,7.3,47.6,30.0,11.5,3.62,31.3,24.1,24.3,27.0,70.4,31.2,10.055306352321088,456.0,4.7,24.0,25.91724246225215,23.775,0.7,6.7,0.3598161519371677,47.28841883844522,30.9,875.8665954788603,45.9,55.8,21.3,14.4,52.5,28.2,21.0,19107.875788469322,66.7,54.9,24.6,6.2,20.3947956891934,27.2,15.7,65.5,39.224999999999994,17.7,6530805.0,1052812.0,3345800.0,794028.0,,,
Isole,2020,,,,38.6,51.5,40.9,27.3,73.1,57.6,33.4,64.9,39.5,66.8,47.1,21.6,55.0,30.8,44.2,8.38,26.3,31.4,50.0,77.9,68.4,56.4,58.8,32.5,34.3,51.6,78.1,58.3,20.8,36.8,96.9,52.3,41.9,27.0,16.2,66.5,43.4,56.7,4.83,49.1,39.2,13.7,3.08,28.7,23.8,24.9,38.0,68.8,31.2,9.915539820073159,444.0,8.2,19.5,32.65413727605505,30.65,0.7,4.9,0.2716960626712251,48.41857460532677,30.9,894.3461887745276,47.7,58.15,19.9,12.4,52.6,22.5,16.4,17940.514058925735,67.0,57.6,25.1,5.9,21.1572472460949,27.1,15.9,70.7,38.65,17.7,6486911.0,1032338.0,3324273.0,776469.0,,,
Isole,2021,,,,38.9,53.5,38.2,28.7,71.3,56.3,43.3,67.8,37.2,62.1,45.0,23.6,39.1,31.7,42.0,13.5,25.4,27.5,49.2,78.6,64.0,65.4,47.2,43.1,43.5,51.6,83.9,62.2,12.1,36.8,87.4,50.5,39.5,29.7,17.5,66.8,11.4,54.4,9.0,45.5,38.5,19.8,7.2,26.7,24.1,26.7,28.3,67.3,31.2,9.77166735829941,460.0,6.5,25.0,43.25854118108606,37.525,0.7,3.6,0.2432935006118071,53.723991133715614,30.9,938.4717353549754,49.5,60.5,19.5,13.2,52.8,5.9,17.3,19907.66847890904,66.3,57.4,26.5,8.2,21.7594303192856,27.2,16.6,66.1,38.075,17.7,6423749.0,1026941.0,3298880.0,771396.0,,,
Isole,2022,,,,41.5,58.2,42.1,29.2,72.1,55.9,53.2,64.0,48.7,58.3,45.0,29.0,49.9,34.7,43.0,17.8,24.2,23.5,48.4,79.4,64.8,68.6,43.2,53.7,52.6,46.4,81.7,71.3,26.0,36.8,79.9,50.2,39.7,40.4,17.5,66.9,33.0,55.9,13.5,49.1,36.8,28.4,7.2,24.2,24.1,29.8,17.3,65.7,31.2,9.57969453692101,457.0,5.9,26.9,53.78050721334387,44.4,0.8,4.1,0.18,45.21536930854622,30.9,973.4373773715957,49.8,60.3,17.9,13.2,52.9,17.1,16.7,22040.411201229308,67.0,56.9,28.5,8.2,22.4831922295744,27.2,17.8,60.9,37.5,17.7,6420742.0,1012330.0,3288299.0,757503.0,,,
Isole,2023,,,,41.9,57.2,44.9,28.7,72.1,58.6,54.9,63.6,41.6,58.3,45.0,31.3,60.4,36.5,39.8,16.8,25.3,23.8,48.4,79.4,64.8,68.6,48.7,57.1,52.6,46.4,80.8,57.2,26.0,36.8,79.9,50.8,39.3,45.1,17.5,69.6,51.3,55.9,17.1,48.6,31.0,25.0,8.63,26.4,24.1,29.8,17.9,65.7,31.2,9.57969453692101,457.0,5.9,24.3,57.20786718947013,44.4,0.8,4.3,0.28,45.21703675914766,30.9,973.4143173037564,49.2,60.7,17.2,13.2,55.0,26.6,16.7,23736.816305580083,66.9,55.2,27.7,9.0,21.8311575793119,27.2,17.8,61.2,37.5,17.7,6392162.0,993805.0,3272520.0,741050.0,,,
Italia,2018,,,,48.5,49.9,58.4,39.1,54.4,75.7,25.1,52.0,57.6,64.9,63.2,46.3,72.5,49.6,42.1,30.5,30.4,48.2,48.3,56.7,52.2,73.4,78.0,23.3,27.0,57.2,46.8,65.9,49.4,56.2,73.6,65.6,60.7,64.5,28.0,78.2,66.9,69.7,29.5,45.0,39.2,53.2,7.92,39.3,21.5,49.7,46.7,59.9,36.8,14.645682986087339,504.0,5.0,10.4,23.524912841787422,25.1,0.6,11.9,0.217596189172553,30.896014708056452,25.2,1002.794671808009,34.4,39.3,14.3,19.6,61.8,34.7,11.5,29583.734473288663,66.2,57.6,34.2,8.6,18.0074127373314,26.4,25.5,74.8,35.4,20.3,59937769.0,9715484.0,30781300.0,7436738.0,,0.894,29583.734473288663
Italia,2019,,,,50.7,55.0,59.6,39.8,56.5,77.6,33.1,58.3,59.5,64.9,62.6,49.9,73.2,50.5,43.1,30.3,30.9,50.6,48.6,60.5,52.4,73.4,81.8,29.7,36.4,63.0,53.5,65.2,53.9,54.8,74.9,64.8,60.4,71.2,28.5,78.8,67.7,70.5,30.6,47.1,39.2,52.7,7.92,40.0,21.8,53.3,48.0,58.7,38.5,13.793930544417938,503.0,5.0,8.6,29.84619013862835,32.225,0.5,10.4,0.22194345109337338,28.20223241895228,25.6,996.7376806945528,35.2,39.6,13.3,19.9,62.3,35.1,11.2,30079.952989815683,66.6,57.6,34.1,8.6,17.8038933588677,26.5,26.9,75.4,34.975,21.1,59816673.0,9573155.0,30685478.0,7300719.0,,0.899,30079.952989815683
Italia,2020,,,,51.1,58.3,56.8,40.4,57.9,74.4,39.6,66.3,59.3,64.0,60.5,44.7,68.3,50.1,47.1,30.8,30.4,49.7,49.0,59.0,56.7,67.5,81.2,33.3,45.9,63.0,69.6,65.6,53.1,52.4,75.5,63.1,58.0,65.2,24.3,79.2,57.5,74.1,26.1,46.6,47.7,55.8,5.77,39.0,21.8,54.0,45.4,57.6,40.4,14.124288849503728,487.0,6.1,8.9,33.48569561028313,39.35,0.5,6.8,0.21972663055607072,28.655824046220232,26.3,993.888799734172,36.85,42.05,14.2,17.3,62.6,29.8,9.8,27948.7,66.5,60.1,34.8,7.4,18.1146342799173,26.5,27.2,74.2,34.55,22.0,59641488.0,9433159.0,30591392.0,7161683.0,,0.892,27948.7
Italia,2021,,,,50.9,60.5,53.8,40.4,58.2,74.4,49.8,65.6,57.4,61.0,58.5,51.0,47.7,52.1,44.5,32.2,31.3,49.5,48.7,63.4,53.0,68.6,80.1,44.3,55.4,63.0,68.3,64.0,50.9,51.8,70.3,61.5,55.5,75.2,26.7,79.3,16.0,71.2,32.9,44.0,45.0,54.0,10.4,40.5,22.1,56.1,42.9,56.4,41.0,13.151685665833616,501.0,5.9,9.4,44.402331452860885,46.475,0.5,7.1,0.23100140495054491,30.03149094074137,26.5,1018.1072354338759,38.5,44.5,12.7,18.8,62.7,8.3,10.9,31158.595123822153,66.0,59.3,34.4,10.0,17.6718135892796,26.6,28.0,73.0,34.125,22.3,59236213.0,9351113.0,30369987.0,7063365.0,,0.899,31158.595123822153
Italia,2022,,,,53.5,62.7,58.7,41.5,57.7,75.9,59.3,61.6,60.8,62.1,58.9,55.0,62.1,56.0,46.7,34.5,30.7,51.4,48.1,59.9,55.4,72.3,79.5,53.7,64.9,57.2,66.0,68.4,53.2,51.1,73.1,61.4,56.4,83.3,26.7,79.7,44.5,73.4,38.6,49.1,44.3,58.8,10.2,39.0,22.5,61.3,41.6,55.2,41.0,13.91846764562152,492.0,5.2,9.7,53.7613092001662,53.6,0.6,7.6,0.2,28.612188728984986,26.7,1005.107050913014,38.6,43.6,11.5,18.8,63.0,23.1,10.1,33840.52982715878,67.0,59.1,35.5,9.9,18.0968217969635,26.7,30.0,72.4,33.7,22.3,59030133.0,9218914.0,30211177.0,6915107.0,,0.906,33840.52982715878
Italia,2023,,,,55.0,63.0,62.2,42.4,57.7,76.8,62.3,60.0,60.1,62.1,58.7,58.3,75.4,58.3,43.6,39.7,31.1,52.1,49.0,59.9,55.4,72.3,81.2,59.7,64.9,57.2,62.9,66.9,53.2,51.1,73.1,61.5,55.8,90.0,26.7,82.8,67.9,73.4,43.3,47.1,40.2,65.7,13.7,39.7,22.5,61.3,42.9,55.2,42.7,13.91846764562152,492.0,5.2,8.9,59.77105446914084,53.6,0.6,8.3,0.21,28.58265083695295,26.7,1005.1581222102882,38.5,44.2,10.5,18.8,65.5,35.2,10.1,36077.47498482645,66.6,57.9,37.1,11.8,17.891281461869,26.7,30.0,73.0,33.7,23.1,58997201.0,9075713.0,30182369.0,6766128.0,,,36077.47498482645
Lazio,2018,Centro,12.0,17232.2906,55.4,52.8,66.7,48.3,55.4,64.3,28.8,61.9,64.6,69.3,65.2,58.6,82.8,60.4,44.1,40.2,35.6,62.3,66.7,64.1,46.8,59.0,69.6,36.3,21.4,69.3,54.4,80.3,48.9,52.1,86.5,68.8,61.6,86.6,30.5,88.7,76.9,80.7,40.0,47.1,41.2,73.1,7.38,47.5,23.8,64.9,59.8,73.1,60.4,13.0,524.0,7.7,14.4,36.40583528514526,20.9,0.4,10.2,0.12029114832117299,31.200157810275797,26.4,942.8588082901555,31.2,38.4,11.0,21.1,70.1,39.9,7.3,34514.44034067685,66.6,58.2,38.8,8.3,15.5849889973545,27.1,31.4,81.0,40.2,31.4,5774606.0,937835.0,2988655.0,727887.0,,0.917,34514.44034067685
Lazio,2019,Centro,12.0,17232.2906,57.3,57.4,66.3,49.5,57.5,72.9,38.7,60.5,63.4,71.5,64.2,55.1,81.8,62.0,43.8,47.6,35.9,63.8,62.3,66.4,48.7,70.7,75.1,47.5,29.9,63.0,58.0,68.2,58.5,52.4,90.6,67.8,60.7,82.6,27.5,89.2,74.4,82.9,41.1,49.1,38.5,87.0,8.28,48.0,23.8,72.4,55.2,64.2,60.4,12.48,517.0,5.5,11.8,47.64255020947194,27.299999999999997,0.5,9.4,0.2012728832592118,25.3413589941191,26.3,923.5446313065977,32.2,39.3,11.6,19.3,70.5,38.6,6.5,35040.3514076053,67.0,57.4,42.0,8.8,15.440451187984,27.1,34.3,78.8,36.975,31.4,5773076.0,925199.0,2985536.0,713900.0,,0.922,35040.3514076053
Lazio,2020,Centro,12.0,17232.2906,58.6,59.8,67.1,50.2,59.8,67.1,44.0,66.8,65.1,83.1,62.3,53.6,79.6,61.8,49.3,50.7,33.8,64.9,57.9,63.7,55.9,60.1,74.0,49.6,38.4,63.0,70.5,78.1,52.2,72.2,94.0,66.1,58.4,78.6,28.5,89.9,69.2,88.1,35.5,48.6,50.1,94.8,6.66,44.5,23.1,75.0,54.9,55.4,60.4,13.08,490.0,7.5,12.3,49.712446791293594,33.7,0.5,6.6,0.13478028959566923,29.229261348080822,20.5,907.7435233160621,33.85,41.599999999999994,12.2,19.9,71.1,35.9,4.5,32381.5,66.9,60.8,43.8,7.9,16.4628731078706,26.9,35.3,78.7,33.75,31.4,5755700.0,913150.0,2976519.0,700778.0,,0.917,32381.5
Lazio,2021,Centro,12.0,17232.2906,56.5,58.8,63.5,48.4,60.6,67.5,54.0,63.4,50.3,73.7,60.3,64.8,56.9,62.7,45.2,43.3,35.2,71.9,53.5,69.1,52.2,61.2,73.8,61.2,46.9,57.2,69.6,49.5,51.2,59.3,88.2,64.5,56.1,98.7,31.0,90.2,23.7,82.9,42.5,42.4,48.0,74.8,11.7,46.9,23.5,77.0,66.8,46.5,60.4,11.88,504.0,7.3,12.4,61.26255008651261,40.1,0.6,6.8,0.3379777674844771,29.834460842352673,24.3,934.7287449392712,35.5,43.9,9.2,21.4,71.3,12.3,6.5,35701.11430713312,65.7,60.2,39.2,10.7,15.7749534484399,27.0,36.1,84.3,30.525000000000002,31.4,5730399.0,908788.0,2963226.0,692634.0,,0.92,35701.11430713312
Lazio,2022,Centro,12.0,17232.2906,61.0,65.3,69.1,50.2,58.8,77.3,61.6,67.7,62.8,72.2,60.2,70.9,74.6,68.8,53.7,51.4,35.8,65.6,49.0,64.4,53.2,71.3,83.3,67.9,55.4,69.3,66.0,77.3,48.3,46.3,98.1,63.9,56.5,111.0,31.0,91.2,58.0,86.3,51.2,59.5,48.0,88.7,14.0,47.5,24.1,81.7,49.4,37.7,60.4,12.92,500.0,5.4,7.9,67.93095492078515,46.5,0.4,7.6,0.14,31.578988347622584,28.1,888.7391874180865,36.1,43.5,7.4,21.4,72.1,30.1,5.2,39814.40411511622,69.0,60.2,42.4,12.0,15.5934612184298,27.2,37.9,76.1,27.3,31.4,5714882.0,899044.0,2946526.0,678108.0,,0.929,39814.40411511622
Lazio,2023,Centro,12.0,17232.2906,61.5,64.7,72.2,49.7,58.8,75.1,63.5,64.5,62.8,72.2,59.4,75.2,85.9,70.9,44.7,60.9,34.8,65.1,49.0,64.4,53.2,71.3,78.9,71.6,55.4,69.3,59.8,77.3,48.3,46.3,98.1,63.7,55.1,119.0,31.0,93.6,78.3,86.3,55.4,48.1,41.2,104.0,18.0,44.9,24.8,81.7,48.6,37.7,60.4,12.92,500.0,5.4,10.0,71.69172899263589,46.5,0.4,9.0,0.14,31.578988347622584,28.1,888.7391874180865,36.3,44.9,6.1,21.4,74.0,40.6,5.2,41789.73695256751,66.8,58.2,45.9,14.2,16.3518050088992,27.4,37.9,75.7,27.3,31.4,5720536.0,884885.0,2949450.0,661672.0,93.0,,41789.73695256751
Liguria,2018,Nord-ovest,7.0,5416.213500000001,52.2,51.6,67.6,40.7,53.0,88.4,25.3,57.6,53.7,82.9,65.9,57.6,77.0,58.5,43.6,37.8,35.1,65.1,29.6,63.8,42.2,83.5,93.2,39.4,11.1,63.0,52.2,40.6,66.9,89.9,75.8,68.1,63.6,74.6,40.7,85.1,68.8,82.1,35.0,50.7,36.5,66.2,9.53,48.4,21.8,64.6,65.5,31.3,27.8,13.06666666666667,541.0,3.1,3.2,39.58851795944554,13.2,0.5,10.7,0.40843107939961454,20.25392528936883,15.3,992.604938271605,31.9,36.4,12.8,27.3,67.3,35.7,6.8,32153.158895466077,67.3,56.8,37.2,9.5,15.3232737348801,26.5,31.3,83.7,25.0,16.1,1541541.0,211322.0,805080.0,160802.0,,0.899,32153.158895466077
Liguria,2019,Nord-ovest,7.0,5416.213500000001,54.9,56.0,69.7,42.4,55.9,83.7,34.4,61.2,55.7,82.1,66.3,67.4,78.7,56.9,45.8,40.3,37.6,65.8,30.2,68.9,43.0,74.5,93.0,46.8,22.0,63.0,59.3,44.6,66.9,80.4,83.8,67.6,65.0,95.3,39.6,87.1,70.2,77.3,36.5,49.7,41.9,69.6,11.0,52.7,22.5,67.0,64.7,32.5,27.8,11.93333333333333,538.0,4.8,3.3,46.93860039310514,21.375,0.5,9.1,0.3764370484323907,20.252927175245837,18.1,955.0727272727273,32.4,35.0,9.7,26.6,68.9,36.4,8.6,32858.291606383675,67.1,58.4,38.0,10.3,14.049301646281,26.7,32.2,83.3,25.425,16.1,1532980.0,207965.0,799437.0,157587.0,,0.905,32858.291606383675
Liguria,2020,Nord-ovest,7.0,5416.213500000001,52.7,55.1,67.0,39.6,59.6,81.0,37.3,66.5,42.5,80.8,63.2,63.3,75.1,55.5,45.8,28.3,38.2,57.6,34.3,71.4,47.8,68.6,93.5,41.6,32.9,57.2,75.9,29.0,56.1,78.7,82.9,65.0,61.4,93.3,33.3,87.8,62.5,81.0,30.1,45.0,46.7,47.5,9.17,54.6,21.8,65.7,49.4,33.7,34.8,11.36842105263158,520.0,5.9,3.1,41.770529794332525,29.55,0.6,5.4,0.5061327472316121,26.85285059569421,18.6,959.3850931677018,34.95,38.6,10.0,22.8,69.4,32.4,7.2,29849.3,66.2,59.8,32.9,9.3,13.463432345217,26.5,31.7,76.1,25.85,19.4,1524826.0,204887.0,794455.0,154461.0,,0.895,29849.3
Liguria,2021,Nord-ovest,7.0,5416.213500000001,51.6,55.4,59.7,41.5,57.8,71.5,45.6,75.1,36.9,73.9,60.1,56.8,50.9,59.0,55.2,33.7,36.0,52.6,34.8,74.0,41.6,54.2,88.8,47.5,43.7,76.1,74.1,28.7,45.1,70.2,77.6,62.5,57.8,73.9,39.7,87.3,14.5,82.1,36.0,53.3,57.2,54.0,13.3,50.3,21.8,67.0,38.2,34.8,34.8,10.78260869565217,543.0,8.6,5.3,47.59618357675056,37.725,0.3,5.8,0.508477269477063,33.52089403390758,21.1,983.9038461538462,37.5,42.2,12.9,26.7,69.0,7.5,6.8,32620.478197371027,67.8,62.9,34.4,11.6,14.7597889792725,26.5,32.2,70.8,26.275,19.4,1518495.0,204556.0,789650.0,153489.0,,0.905,32620.478197371027
Liguria,2022,Nord-ovest,7.0,5416.213500000001,53.6,58.9,64.7,40.4,57.8,85.8,53.2,63.3,42.3,73.2,59.3,65.5,63.3,63.0,42.8,36.4,31.8,61.4,35.4,73.2,42.4,79.2,92.4,51.8,54.6,51.6,75.0,44.1,40.5,61.6,84.7,61.4,57.3,91.3,39.7,88.0,38.6,84.7,41.4,46.0,39.5,59.7,13.1,41.4,22.1,71.1,51.8,36.0,34.8,10.95833333333333,540.0,3.9,3.6,51.94034955094281,45.9,0.7,5.6,0.38,36.388681058958184,23.6,951.2594936708861,38.6,42.7,10.3,26.7,69.6,20.0,5.8,35169.08981901352,66.4,57.7,35.7,11.5,17.3910508634688,26.6,33.8,77.2,26.7,19.4,1509227.0,201821.0,783406.0,150299.0,,0.913,35169.08981901352
Liguria,2023,Nord-ovest,7.0,5416.213500000001,55.4,56.4,68.1,44.2,57.8,81.4,55.1,63.5,34.5,73.2,57.9,65.8,80.1,65.8,44.1,48.2,36.1,62.1,35.4,73.2,42.4,79.2,83.5,55.6,54.6,51.6,75.4,28.5,40.5,61.6,84.7,60.0,55.8,92.0,39.7,90.4,69.8,84.7,46.9,46.6,41.6,79.2,17.2,50.4,21.8,71.1,53.0,36.0,34.8,10.95833333333333,540.0,3.9,7.8,55.666251157781275,45.9,0.7,5.5,0.51,36.388681058958184,23.6,951.2594936708861,40.0,44.2,10.2,26.7,71.5,36.2,5.8,37756.56324582339,66.5,58.3,40.2,13.8,14.7206840456666,26.5,33.8,77.8,26.7,19.4,1507636.0,199610.0,781369.0,147581.0,91.1,,37756.56324582339
Lombardia,2018,Nord-ovest,3.0,23863.65,55.2,57.0,67.3,43.9,43.1,85.9,44.3,53.1,69.1,67.9,71.7,52.9,79.3,67.6,45.9,46.3,28.7,59.3,45.3,27.8,58.4,78.2,93.7,40.0,48.5,69.3,37.0,65.4,72.9,79.7,56.1,72.8,70.6,72.6,33.3,82.3,76.3,84.4,50.7,51.2,40.5,83.1,9.53,46.3,11.1,61.3,57.3,44.5,46.1,21.06666666666667,481.0,4.1,3.0,40.14733988854176,41.3,0.4,14.1,0.22103268355033487,16.569047205076938,18.3,1083.9138513513512,27.2,29.4,13.1,22.8,65.1,39.6,5.9,39552.491021402144,67.4,58.0,41.1,9.5,15.9339813078905,23.3,30.0,79.8,29.8,24.7,9986962.0,1656432.0,5103493.0,1283354.0,,0.915,39552.491021402144
Lombardia,2019,Nord-ovest,3.0,23863.65,55.9,57.8,68.2,44.3,45.7,83.8,44.3,58.5,65.0,66.2,70.3,59.3,78.1,68.3,45.9,42.4,29.6,65.8,45.0,33.7,57.8,73.9,93.7,31.9,56.8,69.3,47.7,63.4,66.5,77.0,55.4,70.9,69.7,84.6,34.0,81.7,74.4,85.2,51.4,49.1,42.6,74.8,9.89,47.1,12.1,65.7,65.9,43.9,46.1,19.76666666666667,483.0,4.9,3.0,32.09947369733061,47.5,0.4,11.7,0.23474502142488468,20.49078484158211,19.1,1087.0111587982833,29.1,30.3,11.3,23.2,64.6,38.6,5.6,39902.70880190035,67.0,58.6,39.2,9.7,15.7078268820812,23.6,31.7,83.9,29.575,24.7,10010833.0,1641860.0,5108632.0,1266368.0,,0.919,39902.70880190035
Lombardia,2020,Nord-ovest,3.0,23863.65,55.7,62.6,63.6,43.5,45.7,85.3,50.7,69.2,70.3,62.0,67.6,50.7,75.0,65.1,43.1,41.6,31.0,62.8,44.7,29.5,61.9,76.6,94.1,36.5,65.0,69.3,69.1,68.9,71.7,67.4,56.6,68.7,66.5,72.6,28.9,82.2,67.9,83.9,46.3,39.9,46.3,76.6,6.66,49.8,12.1,62.6,63.0,43.3,46.1,20.7,468.0,4.4,2.8,36.61328535864098,53.699999999999996,0.4,6.9,0.19607818146898442,17.27706448196849,21.9,1081.8334778837814,31.35,33.45,13.1,20.1,65.0,35.2,6.1,37486.6,65.2,59.7,39.6,7.9,14.9106183338043,23.6,30.5,82.5,29.35,24.7,10027602.0,1626098.0,5115227.0,1247354.0,,0.905,37486.6
Lombardia,2021,Nord-ovest,3.0,23863.65,55.0,63.9,61.0,42.8,47.9,85.9,59.1,66.6,65.8,62.6,64.9,58.0,50.0,71.7,44.2,37.5,33.5,58.3,44.4,36.8,58.9,77.1,94.7,45.0,73.3,69.3,63.8,68.8,62.8,71.5,53.6,66.4,63.4,84.6,31.3,82.1,17.9,86.3,57.1,41.4,47.0,63.6,11.5,53.1,13.8,64.6,52.0,42.7,46.1,19.0625,479.0,4.3,2.5,45.09792912182728,59.89999999999999,0.4,8.1,0.19678055209932382,22.760904851243655,20.7,1095.5967885816235,33.6,36.6,11.3,21.6,64.9,9.3,5.2,42584.31071388421,65.5,59.9,36.6,10.6,13.9126093853519,24.1,31.3,77.3,29.125,24.7,9981554.0,1612906.0,5086108.0,1228164.0,,0.921,42584.31071388421
Lombardia,2022,Nord-ovest,3.0,23863.65,58.1,65.6,67.2,44.6,46.4,85.5,67.6,61.0,74.5,65.7,66.2,62.7,67.0,75.1,49.7,40.1,31.5,63.4,44.1,29.9,63.0,77.1,93.9,53.6,81.5,63.0,58.9,80.3,68.6,75.6,55.8,67.1,65.3,94.0,31.3,82.7,51.3,86.0,64.3,51.7,47.7,70.9,9.35,48.1,14.8,76.8,50.1,42.1,46.1,20.6,464.0,4.3,2.9,53.75183511998323,66.1,0.5,9.2,0.12,19.204449910273947,19.5,1085.2490974729242,32.9,34.7,9.9,21.6,65.4,26.6,5.3,45951.68991013876,67.5,60.1,38.3,9.4,15.3988838881886,24.4,36.0,76.4,28.9,24.7,9943004.0,1593740.0,5061476.0,1202456.0,,0.927,45951.68991013876
Lombardia,2023,Nord-ovest,3.0,23863.65,60.7,65.6,72.2,47.1,46.4,86.0,70.0,58.5,74.5,65.7,65.7,69.7,83.0,78.4,45.2,49.8,33.2,65.1,47.7,29.9,63.0,77.1,94.9,58.4,81.5,63.0,53.9,80.3,68.6,75.6,55.8,66.7,64.6,108.0,31.3,86.8,79.2,86.0,70.9,48.1,42.2,84.4,15.3,51.3,15.1,76.8,53.5,42.1,53.4,20.6,464.0,4.3,2.4,58.54505614371595,66.1,0.5,10.3,0.12,19.204449910273947,19.5,1085.2490974729242,33.3,35.4,7.8,21.6,68.6,41.1,5.3,49062.96589055762,66.8,58.5,41.4,12.7,14.4674777272255,24.5,36.0,78.0,28.9,28.1,9976509.0,1573871.0,5075989.0,1177795.0,89.8,,49062.96589055762
Marche,2018,Centro,11.0,9401.375500000002,49.9,44.9,64.6,42.9,56.6,81.9,9.9,54.0,73.8,70.1,71.2,64.3,71.4,48.9,41.5,33.2,34.4,61.4,50.3,68.6,44.6,72.3,91.6,2.97,16.8,57.2,50.8,79.3,68.3,73.2,66.9,72.5,69.9,95.3,33.3,82.0,60.9,72.6,25.2,38.3,44.6,57.9,8.46,44.7,24.1,57.9,64.9,65.7,34.8,12.0,532.0,5.2,4.0,3.19705803109702,17.5,0.6,11.0,0.12653388060642629,19.39244635628386,20.2,1033.5397727272727,27.5,30.1,9.7,22.8,64.8,31.6,10.4,27557.569125582617,64.9,59.2,35.3,8.9,16.4142977641269,27.2,28.7,83.4,37.5,19.4,1526331.0,236654.0,785202.0,181903.0,,0.903,27557.569125582617
Marche,2019,Centro,11.0,9401.375500000002,53.9,52.4,65.8,45.3,57.3,79.0,18.8,66.6,69.6,65.4,71.2,69.1,74.3,51.8,42.6,38.0,37.4,67.7,46.5,68.1,46.5,70.2,87.8,9.67,27.8,76.1,57.1,79.1,60.1,61.6,69.2,71.7,70.7,103.0,34.8,82.7,65.9,77.0,26.5,46.0,39.2,68.8,7.2,50.1,24.8,62.6,72.8,58.3,34.8,12.09090909090909,525.0,5.6,5.8,9.88261647630585,25.775,0.3,9.6,0.1283520748754664,24.38370662284136,23.6,1023.2528735632184,28.3,29.3,8.5,23.7,65.4,34.2,8.7,28134.531175074182,66.4,57.6,37.8,8.2,14.8227855448157,27.4,30.5,87.15,34.8,19.4,1520321.0,232438.0,781233.0,178046.0,,0.908,28134.531175074182
Marche,2020,Centro,11.0,9401.375500000002,54.9,54.2,62.4,49.0,63.1,81.8,26.5,64.5,52.9,64.8,68.8,63.9,67.6,48.8,46.4,43.4,36.6,72.3,53.1,73.0,53.2,72.3,91.3,14.2,38.9,57.2,71.8,43.2,62.6,57.9,71.8,70.0,67.7,98.7,29.2,82.5,52.8,75.5,22.2,41.4,51.4,82.2,4.51,48.3,24.8,63.9,80.8,50.8,55.3,11.0,500.0,5.2,4.1,14.38157606181438,34.05,0.6,6.3,0.38763421026959316,22.834773170881146,24.7,1011.0348837209302,30.0,32.3,9.2,20.3,65.2,27.4,9.3,26118.7,65.5,61.2,40.9,6.7,15.3315238478668,27.4,31.0,90.9,32.1,29.0,1512672.0,228498.0,776981.0,173898.0,,0.9,26118.7
Marche,2021,Centro,11.0,9401.375500000002,56.7,65.7,60.7,45.6,60.3,79.9,40.3,76.9,82.3,65.5,66.5,70.4,48.7,55.0,38.5,44.3,35.7,65.6,49.4,74.4,46.2,69.1,90.7,30.7,49.9,76.1,77.6,78.7,85.9,62.2,68.9,68.3,64.7,107.0,33.5,83.5,13.9,81.8,28.2,38.8,38.2,75.7,12.9,46.0,25.5,63.9,67.4,43.4,55.3,10.7,526.0,5.8,4.4,30.84290844702479,42.325,0.3,5.0,0.13049668342679072,8.61099495538137,23.45,1024.421686746988,31.7,35.3,7.9,22.9,66.0,7.2,6.9,28951.761275226283,65.0,57.3,39.4,11.4,16.0287021524054,27.6,31.0,84.6,29.4,29.0,1498236.0,224794.0,768653.0,170054.0,,0.907,28951.761275226283
Marche,2022,Centro,11.0,9401.375500000002,58.9,64.0,65.6,48.6,58.6,79.9,53.6,67.2,63.6,65.0,66.6,77.4,64.6,56.0,39.9,54.1,39.7,69.0,45.6,67.7,49.5,70.7,89.0,46.4,60.9,63.0,71.4,42.9,84.3,66.4,63.5,67.5,65.7,121.0,33.5,83.3,45.9,79.2,32.9,36.2,43.6,95.7,12.6,52.4,27.1,70.3,67.6,36.0,55.3,12.18181818181818,514.0,5.5,5.2,46.47920590784594,50.6,0.5,6.4,0.39,9.589623644482245,22.2,1049.367088607595,32.5,34.3,5.8,22.9,65.9,23.8,7.9,31189.678890758565,64.5,58.9,44.0,11.2,14.1351184567974,28.1,33.5,84.7,26.7,29.0,1487150.0,221041.0,761680.0,165800.0,,0.915,31189.678890758565
Marche,2023,Centro,11.0,9401.375500000002,59.8,63.5,67.7,49.8,58.6,80.8,59.6,66.3,55.3,65.0,66.2,76.4,74.4,58.2,44.3,54.8,41.5,66.6,45.6,67.7,49.5,70.7,90.9,58.3,60.9,63.0,69.6,26.2,84.3,66.4,63.5,68.0,64.4,119.0,33.5,85.0,63.8,79.2,37.2,47.1,41.6,97.0,12.6,55.5,27.5,70.3,63.0,36.0,55.3,12.18181818181818,514.0,5.5,4.3,58.36849841445352,50.6,0.5,6.8,0.53,9.589623644482245,22.2,1049.367088607595,32.0,35.6,6.1,22.9,67.2,33.1,7.9,33216.04314122009,66.6,58.3,44.3,11.2,13.2191573308418,28.2,33.5,82.5,26.7,29.0,1484298.0,217478.0,759384.0,161645.0,92.7,,33216.04314122009
Molise,2018,Sud,14.0,4460.647299999999,43.6,35.7,53.4,43.6,79.1,61.3,2.16,84.4,65.4,67.0,62.9,50.2,63.5,32.4,32.8,39.8,33.1,57.2,63.5,73.0,85.1,60.1,62.4,2.92,1.4,100.0,68.7,74.8,55.9,33.7,100.0,66.7,59.0,92.0,8.45,78.5,48.4,53.8,11.0,33.7,32.0,71.8,7.74,23.2,43.1,42.7,71.7,72.5,54.4,11.0,382.0,7.5,17.8,3.1494047316553897,5.9,0.0,7.0,,26.929286406199548,31.8,879.0,33.3,41.0,10.2,7.7,62.1,25.1,17.5,20842.961087811273,64.0,55.5,38.5,8.5,22.8016327293772,32.9,22.8,86.6,40.0,28.6,306564.0,43358.0,155333.0,32523.0,,0.873,20842.961087811273
Molise,2019,Sud,14.0,4460.647299999999,44.5,42.5,52.7,39.4,75.0,66.1,6.81,85.9,48.1,63.6,61.3,48.9,62.8,34.1,32.3,29.2,33.2,51.9,58.3,61.1,88.9,58.0,74.2,6.23,7.39,100.0,71.8,74.8,21.3,27.9,99.4,65.9,56.6,88.6,9.11,78.9,46.7,55.9,12.3,36.2,28.3,50.1,8.28,23.3,43.1,42.4,61.3,62.2,54.4,13.66666666666667,368.0,7.9,12.2,6.448175018433069,10.4,0.0,6.3,,48.065110565110565,33.5,882.8055555555555,34.1,43.4,10.7,8.1,62.4,24.2,16.7,21467.70776637988,64.5,54.4,33.5,8.8,22.7703931902834,32.9,22.7,81.7,36.25,28.6,303790.0,42328.0,154029.0,31781.0,,0.879,21467.70776637988
Molise,2020,Sud,14.0,4460.647299999999,48.1,50.6,52.2,42.0,73.6,65.1,14.8,92.4,50.7,68.6,59.4,51.6,60.2,30.7,38.1,37.4,34.6,50.1,53.2,58.1,89.1,62.8,67.5,16.3,13.4,100.0,84.8,76.8,24.5,33.4,104.0,64.0,54.8,98.7,4.5,79.4,41.1,51.5,9.94,39.3,36.8,67.9,6.84,27.2,42.1,39.8,60.4,51.9,54.4,14.33333333333333,367.0,7.0,15.4,16.446459648657292,14.9,0.0,3.4,,46.141215106732346,31.9,861.75,35.95,45.25,9.2,5.3,62.8,21.3,18.4,20350.5,65.1,56.9,37.6,8.0,21.6166901748394,32.6,21.7,81.3,32.5,28.6,300516.0,41412.0,152563.0,31023.0,,0.872,20350.5
Molise,2021,Sud,14.0,4460.647299999999,50.2,55.5,52.7,43.2,75.2,56.2,29.8,76.4,54.7,65.1,57.5,57.3,59.5,31.8,41.2,41.9,28.7,63.0,48.0,65.6,84.8,38.3,74.0,40.2,19.4,76.1,76.7,74.4,35.0,32.7,97.5,62.2,52.9,109.0,5.16,79.8,39.1,47.2,16.3,45.5,36.8,74.0,9.89,16.1,41.4,40.6,85.4,41.6,54.4,12.66666666666667,383.0,11.6,12.3,40.3523294670348,19.4,0.3,5.2,,39.740099009900995,32.099999999999994,891.75,37.8,47.1,7.6,5.7,63.1,20.3,20.0,23362.87386084584,66.3,56.9,39.0,9.7,24.9135026683797,32.4,22.0,93.1,28.75,28.6,294294.0,40400.0,149430.0,30200.0,,0.874,23362.87386084584
Molise,2022,Sud,14.0,4460.647299999999,50.8,57.9,52.9,42.7,72.8,52.9,44.0,75.7,50.9,61.5,57.5,54.9,58.5,36.4,35.3,44.3,36.2,58.5,42.9,58.1,87.5,38.3,67.5,62.7,25.4,76.1,75.4,69.8,32.0,32.0,91.0,60.1,55.0,105.0,5.16,79.8,37.2,53.0,19.7,38.3,32.4,76.1,12.4,31.3,41.1,41.9,75.0,31.3,54.4,14.33333333333333,373.0,11.6,15.4,62.74478462125682,23.9,0.3,5.5,,41.54215042907622,32.3,921.75,39.9,45.0,8.3,5.7,63.1,19.3,17.8,24968.53286890872,64.9,55.6,39.5,11.1,20.3842558044765,32.3,22.5,88.2,25.0,28.6,292150.0,39620.0,148137.0,29496.0,,0.885,24968.53286890872
Molise,2023,Sud,14.0,4460.647299999999,49.2,58.9,56.3,35.8,72.8,57.3,44.0,74.0,52.4,61.5,60.0,57.3,70.2,38.2,28.6,39.5,35.5,53.1,27.7,58.1,87.5,38.3,76.3,62.7,25.4,76.1,71.8,72.8,32.0,32.0,91.0,64.7,55.2,109.0,5.16,83.3,57.1,53.0,23.5,39.9,17.4,65.3,13.7,30.5,40.4,41.9,64.3,31.3,24.0,14.33333333333333,373.0,11.6,11.2,62.74478462125682,23.9,0.3,6.3,,41.54215042907622,32.3,921.75,35.3,44.8,7.6,5.7,65.9,29.6,17.8,26721.28320110383,65.2,51.2,37.0,11.8,20.6268170388326,32.1,22.5,83.1,25.0,14.3,290636.0,38929.0,147085.0,28863.0,85.3,,26721.28320110383
Nord-est,2018,,,,55.2,51.8,69.2,47.0,41.9,88.0,28.4,53.6,66.2,64.9,70.4,68.0,80.8,63.0,45.8,43.5,33.0,65.5,53.4,45.5,38.4,81.4,94.7,16.8,40.0,69.3,37.8,61.0,71.5,59.9,69.9,70.9,70.0,90.0,46.0,84.5,77.1,84.4,41.5,46.0,45.6,74.0,12.9,50.3,15.8,70.6,60.4,61.0,45.7,17.138272521351645,555.0,3.5,2.5,17.00825634826466,34.9,0.4,13.9,0.25218946692022354,17.41967664272365,24.1,1019.9925952967768,29.1,30.0,10.5,30.5,66.8,40.0,5.9,35231.89040972317,66.4,59.5,39.0,11.4,14.7590138671503,24.7,33.6,81.3,35.8,24.5,11606749.0,1874898.0,5949613.0,1446212.0,,,35231.89040972317
Nord-est,2019,,,,57.2,55.9,70.0,47.8,42.9,86.8,37.2,56.7,69.3,65.5,69.5,71.6,80.9,63.6,46.8,42.8,33.5,65.5,56.9,48.7,37.0,80.3,93.2,23.8,50.7,69.3,44.1,61.0,77.7,59.9,71.0,69.6,69.5,96.7,46.5,85.2,76.5,84.4,42.7,46.6,47.0,73.1,12.4,50.5,16.5,72.9,58.1,68.1,45.7,16.422731671229755,560.0,3.7,3.2,24.007287804977427,42.925,0.4,12.5,0.25218946692022354,13.631973399098378,24.1,1014.732986193384,30.4,30.5,9.5,30.8,67.4,39.7,5.9,35791.65462655119,66.5,59.9,38.8,11.1,14.7024589823564,24.9,34.5,80.2,38.375,24.5,11628491.0,1857828.0,5950004.0,1427158.0,,,35791.65462655119
Nord-est,2020,,,,58.5,61.2,67.2,48.8,43.9,86.8,45.4,69.0,71.8,66.6,67.7,65.7,75.1,61.5,55.1,40.0,31.7,63.0,62.9,45.7,42.2,79.2,94.3,29.4,61.3,76.1,62.0,68.0,75.6,59.9,73.2,68.2,67.2,90.0,41.4,85.9,64.4,85.8,37.3,52.7,57.5,71.4,8.63,46.7,16.8,74.2,51.8,75.1,50.6,17.087894380802826,541.0,3.9,2.7,29.520470856696544,50.95,0.3,8.5,0.20232254479273615,14.923065383810115,24.1,1004.6909603447559,31.75,32.85,10.5,27.7,67.9,33.4,5.4,33241.6,67.7,63.0,38.4,9.0,15.8328347817918,25.0,35.0,77.2,40.95,26.8,11627537.0,1837165.0,5945814.0,1402751.0,,,33241.6
Nord-est,2021,,,,58.2,61.8,63.6,50.3,46.6,86.5,56.3,60.3,65.9,66.1,65.8,70.4,52.2,64.8,47.4,45.6,34.1,65.9,66.4,53.3,40.0,80.3,92.6,40.6,72.0,63.0,57.5,58.4,73.3,59.9,72.3,66.9,64.8,96.0,44.8,85.6,18.7,84.4,45.2,47.1,47.7,77.4,13.8,51.0,17.1,77.3,54.5,82.2,50.6,15.399806065692271,549.0,3.7,3.5,40.6971499898364,58.975,0.5,9.5,0.27099754620190586,16.314058464248646,24.1,1008.6674481336784,33.1,35.2,9.6,29.8,67.7,9.7,5.9,36987.15367759841,66.6,60.1,39.8,11.9,14.5488715769656,25.1,36.2,78.5,43.525,26.8,11587355.0,1815439.0,5912130.0,1377124.0,,,36987.15367759841
Nord-est,2022,,,,60.5,63.7,67.7,51.2,45.5,87.8,66.6,63.2,62.5,65.9,65.7,71.1,67.3,68.6,48.0,43.2,35.5,68.6,69.9,48.3,42.7,80.8,94.7,50.5,82.7,69.3,57.1,51.9,73.2,59.9,71.8,66.3,65.1,97.3,44.8,85.5,49.2,85.8,51.5,49.7,46.3,72.7,13.7,53.1,17.8,80.6,56.6,89.3,50.6,16.499498807781986,539.0,3.6,2.5,50.6302672077231,67.0,0.4,9.6,0.32,16.36861910515389,24.1,1011.1469789310753,33.7,34.9,9.4,29.8,67.6,25.5,5.4,39917.55754967576,67.1,59.7,38.7,11.8,13.9060763314496,25.3,37.5,79.5,46.1,26.8,11541332.0,1794811.0,5883881.0,1351111.0,,,39917.55754967576
Nord-est,2023,,,,62.9,65.2,71.2,53.6,45.5,87.7,71.0,61.4,68.0,65.9,65.0,73.1,82.0,71.4,51.2,50.0,36.6,66.5,71.2,48.3,42.7,80.8,94.5,59.3,82.7,69.3,53.5,62.7,73.2,59.9,71.8,65.7,64.4,101.0,44.8,88.2,75.8,85.8,57.0,53.8,48.7,81.8,18.1,54.6,18.5,80.6,52.4,89.3,53.2,16.499498807781986,539.0,3.6,2.6,59.37577520643377,67.0,0.4,10.4,0.24,16.360895719973044,24.1,1011.0481992573184,34.3,35.6,8.8,29.8,69.7,39.3,5.4,42529.5592048401,67.9,60.4,40.8,14.3,13.4637444273038,25.5,37.5,77.5,46.1,28.0,11558522.0,1772213.0,5889431.0,1324950.0,,,42529.5592048401
Nord-ovest,2018,,,,54.0,55.3,64.5,44.1,47.5,86.7,34.5,54.0,67.6,61.4,70.1,51.9,78.0,64.1,43.0,42.5,32.4,61.8,45.5,39.6,55.4,80.3,93.0,37.9,31.1,69.3,38.7,65.6,69.7,73.2,49.5,71.5,68.6,71.9,31.8,81.8,74.2,83.6,44.6,46.6,39.5,75.7,9.35,48.6,16.1,61.0,62.6,47.8,43.1,18.455218520085953,492.0,3.7,3.3,38.09401004983563,28.2,0.4,13.7,0.2196790172244215,18.54028576481908,20.2,1114.7661635612014,28.5,31.4,13.2,21.9,64.7,38.5,6.2,36691.82664016899,66.5,57.7,39.4,9.4,15.2647097742876,24.8,29.9,82.3,31.0,23.3,16004627.0,2547957.0,8211472.0,1967204.0,,,36691.82664016899
Nord-ovest,2019,,,,54.7,56.8,66.0,43.6,50.7,84.9,37.0,55.8,66.8,61.4,69.0,59.5,77.4,64.4,44.7,38.4,33.2,65.9,42.1,46.3,55.1,76.1,93.7,33.9,40.2,63.0,48.6,65.6,68.0,73.2,49.5,69.9,68.1,86.6,32.3,81.8,72.9,83.4,45.4,48.1,41.2,67.0,9.71,49.6,16.8,64.9,67.0,46.2,38.0,16.96299299116845,493.0,4.5,3.0,34.045895591679106,35.025,0.5,11.5,0.2196790172244215,19.585759012285415,20.2,1114.756277056226,30.1,31.9,11.0,22.2,64.7,37.8,6.3,37068.0445647865,66.8,58.2,37.4,9.6,14.9586768379422,25.0,31.4,84.4,30.425,20.9,15998031.0,2518667.0,8197792.0,1936526.0,,,37068.0445647865
Nord-ovest,2020,,,,53.9,58.8,62.8,42.4,50.4,81.2,43.1,66.1,60.4,61.9,66.3,51.7,74.1,62.1,42.9,37.2,34.3,63.1,39.8,41.6,59.2,69.1,93.2,37.0,49.2,63.0,69.1,52.0,68.8,73.2,50.6,67.7,65.0,75.9,27.5,82.2,65.9,83.9,40.2,39.9,46.0,67.9,6.49,51.7,16.8,63.3,62.8,44.7,34.8,18.007383663985205,478.0,5.8,3.2,37.16604651202778,41.85,0.5,6.9,0.3186305552854345,19.048226762200468,20.2,1109.296956752876,32.3,35.0,12.6,19.3,65.0,34.2,6.1,34609.8,65.2,59.6,37.6,7.8,14.3298031706815,25.0,30.8,82.4,29.85,19.4,15988679.0,2490063.0,8189754.0,1904041.0,,,34609.8
Nord-ovest,2021,,,,53.5,61.8,59.1,41.9,51.1,80.2,51.8,67.2,63.1,59.3,63.7,57.1,50.0,66.8,44.4,36.4,35.4,58.0,39.0,46.7,55.4,67.0,93.5,45.3,58.3,69.3,65.1,63.5,62.8,73.2,45.4,65.5,61.9,83.3,30.8,82.3,17.7,84.4,49.1,41.4,47.3,61.0,11.9,53.3,17.5,65.1,50.9,43.1,34.8,16.85854529158599,492.0,6.2,3.1,45.39833811813492,48.675,0.4,7.8,0.23396018243968755,22.76192808735591,20.2,1133.5959273923393,34.5,38.1,11.5,21.3,65.1,9.2,5.9,38826.51019205073,65.5,60.0,36.0,10.8,13.8655755258803,25.2,31.5,76.8,29.275,19.4,15899083.0,2469267.0,8134679.0,1875529.0,,,38826.51019205073
Nord-ovest,2022,,,,56.1,63.9,64.3,43.0,49.6,80.2,60.5,62.7,70.8,60.2,64.7,61.4,65.6,69.8,48.2,37.8,33.9,62.1,38.2,40.8,58.4,68.1,92.4,53.7,67.4,63.0,62.4,74.3,67.3,73.2,47.2,65.9,63.5,92.0,30.8,82.7,48.4,84.2,55.5,50.2,46.3,66.2,9.53,49.6,18.1,74.2,50.1,41.5,34.8,18.184500239062118,481.0,6.0,3.6,53.76331186192165,55.5,0.5,8.4,0.16,19.990917251451386,20.2,1125.0558495190685,34.1,36.5,10.2,21.3,65.4,25.1,6.0,41831.08231469269,67.2,59.7,37.2,9.5,14.9512821125522,25.4,35.0,76.4,28.7,19.4,15831941.0,2438060.0,8090334.0,1835483.0,,,41831.08231469269
Nord-ovest,2023,,,,58.2,63.9,68.8,44.8,49.6,80.8,63.3,61.2,68.6,60.3,64.1,67.8,80.8,72.8,44.1,45.2,34.8,65.3,39.8,40.8,58.4,68.1,93.5,59.2,67.4,63.0,59.3,69.8,67.3,73.2,47.3,65.4,62.8,105.0,30.8,86.4,75.2,84.2,61.5,46.0,42.2,75.3,15.1,51.5,18.1,74.2,56.4,41.5,38.0,18.184500239062118,481.0,6.0,3.1,59.28271917265901,55.5,0.5,9.1,0.19,19.988848190045037,20.2,1124.9401965384543,34.6,37.2,8.3,21.3,68.3,39.0,6.0,44659.13385231653,66.4,58.5,39.3,12.6,14.3929856819111,25.4,35.0,79.4,28.7,20.9,15858626.0,2406780.0,8098715.0,1797310.0,,,44659.13385231653
Piemonte,2018,Nord-ovest,1.0,25387.0691,50.0,48.9,58.0,44.1,47.6,87.1,23.7,50.0,57.2,46.8,67.5,47.4,75.3,58.3,36.5,34.4,37.8,65.4,53.7,41.4,53.8,82.4,91.8,33.8,13.5,63.0,37.0,51.2,63.2,69.8,23.7,69.6,65.5,69.9,24.9,79.6,71.1,82.6,33.9,34.2,38.8,60.1,8.63,53.4,22.1,57.7,73.1,59.6,47.8,18.04347826086957,498.0,3.3,3.9,33.94582550605797,15.0,0.5,14.1,0.32485661825589357,22.458765706768595,21.2,1234.4817518248176,30.4,34.5,13.5,17.7,62.9,36.9,6.6,31658.90647123894,64.1,57.5,35.8,9.0,13.8395978806735,26.6,28.6,87.3,35.3,25.5,4349911.0,659827.0,2238438.0,507372.0,,0.9,31658.90647123894
Piemonte,2019,Nord-ovest,1.0,25387.0691,51.2,55.0,59.1,41.2,51.9,87.6,28.9,51.1,74.9,43.6,66.8,57.3,75.1,57.8,42.0,27.7,38.1,65.5,40.8,49.6,54.3,80.8,94.3,34.5,23.2,57.2,45.0,78.0,71.8,64.7,22.5,68.2,65.3,88.6,25.9,80.3,70.0,81.0,34.5,46.6,37.5,46.2,9.17,54.1,22.1,61.5,69.5,54.6,27.0,16.23076923076923,496.0,3.6,2.7,34.66651679137495,22.275,0.6,12.3,0.13508341400815002,17.256391684260812,22.7,1240.077306733167,31.8,34.7,10.7,18.3,63.5,36.3,7.2,31931.606685571427,66.5,57.1,32.6,9.3,13.6090310670952,26.6,30.1,85.6,33.449999999999996,15.7,4328565.0,648890.0,2225541.0,497271.0,,0.905,31931.606685571427
Piemonte,2020,Nord-ovest,1.0,25387.0691,49.1,51.0,56.6,41.0,50.1,72.4,35.1,59.0,45.6,43.4,64.2,50.9,71.7,57.2,40.6,29.7,38.5,65.0,38.2,42.7,57.6,53.7,91.1,37.3,32.9,51.6,66.5,24.7,66.6,61.6,25.2,66.1,62.3,79.3,22.6,80.7,62.7,85.0,29.5,37.3,43.9,54.0,5.41,55.0,22.1,63.3,66.6,49.5,27.0,17.75,484.0,8.7,4.2,37.47437012584428,29.55,0.7,7.5,0.5439754268167193,20.40742929875751,23.6,1227.4156171284635,33.85,37.650000000000006,12.1,16.3,63.8,32.5,5.7,29558.7,64.7,59.0,34.4,7.2,13.369144123362,26.6,30.8,84.2,31.599999999999998,15.7,4311217.0,639522.0,2216159.0,487284.0,,0.895,29558.7
Piemonte,2021,Nord-ovest,1.0,25387.0691,49.8,58.0,52.4,40.6,50.2,69.9,44.1,63.6,66.7,39.9,61.8,55.2,49.9,58.4,40.6,34.2,38.1,58.2,35.7,47.2,53.2,47.9,92.0,45.6,42.6,63.0,64.2,64.3,69.0,65.6,14.3,64.1,59.4,83.9,26.4,81.2,18.5,81.5,35.2,36.2,45.0,56.6,11.9,54.1,22.1,64.6,51.8,44.4,27.0,16.75,500.0,9.8,3.8,45.77278480287656,36.825,0.5,8.0,0.22837114055627097,18.94264561506685,22.450000000000003,1278.3226666666667,35.9,40.6,11.4,18.6,64.2,9.6,7.0,32257.328433983497,64.5,59.3,35.0,10.8,13.6176699485911,26.6,31.3,77.2,29.75,15.7,4274945.0,632541.0,2195544.0,479371.0,,0.907,32257.328433983497
Piemonte,2022,Nord-ovest,1.0,25387.0691,51.8,60.5,56.2,40.8,47.4,65.9,53.5,66.8,72.5,41.9,62.7,56.5,63.1,59.8,47.0,32.4,38.6,58.2,33.1,40.5,54.3,42.5,89.2,54.7,52.2,69.3,64.2,71.3,73.8,69.5,14.3,64.3,61.1,86.6,26.4,80.9,45.3,79.7,39.9,47.6,46.3,56.2,8.63,55.5,21.8,68.2,48.2,39.3,27.0,18.25,496.0,10.8,5.1,54.84492799194997,44.1,0.4,8.0,0.18,16.01377722332507,21.3,1278.3226666666667,35.7,38.9,11.0,18.6,64.0,23.5,7.7,34485.548539928066,66.7,59.7,34.9,9.0,13.2119704149057,26.5,32.7,75.5,27.9,15.7,4256350.0,623638.0,2182505.0,468669.0,,0.912,34485.548539928066
Piemonte,2023,Nord-ovest,1.0,25387.0691,53.1,61.1,60.1,40.7,47.4,68.0,57.3,67.0,68.9,41.9,62.2,63.9,76.0,62.2,41.9,32.9,36.8,65.9,33.1,40.5,54.3,42.5,93.5,62.4,52.2,69.3,64.7,64.1,73.8,69.5,14.3,63.9,60.5,101.0,26.4,84.2,67.7,79.7,44.6,41.9,41.9,51.9,14.0,51.9,21.8,68.2,63.6,39.3,27.0,18.25,496.0,10.8,3.1,62.5260846311954,44.1,0.4,7.9,0.23,16.01377722332507,21.3,1278.3226666666667,36.1,39.5,8.8,18.6,66.6,35.1,7.7,36707.27978360579,65.6,58.4,33.9,12.0,14.2804412544457,26.5,32.7,82.8,27.9,15.7,4251351.0,614731.0,2178580.0,458240.0,87.9,,36707.27978360579
Provincia Autonoma di Bolzano/Bozen,2018,Nord-est,21.0,7398.380999999998,54.8,45.3,73.6,49.5,58.7,79.0,14.1,56.2,52.0,59.6,63.0,87.6,85.0,77.4,79.2,34.4,35.5,46.1,66.4,64.1,53.2,61.2,96.9,4.76,23.4,46.4,66.0,29.6,74.4,94.5,24.6,58.6,67.3,86.6,88.6,87.3,82.7,87.6,67.3,76.0,82.3,56.6,12.2,64.6,6.49,53.0,39.3,84.6,48.3,13.0,500.0,7.3,1.45,4.9841005821632995,22.4,0.8,7.6,0.5009775324101152,15.658104340900039,13.95,1230.4285714285713,41.4,32.7,11.0,56.4,69.0,42.9,4.7,47375.79406622517,72.2,70.3,35.0,11.0,10.5075803667605,21.9,26.8,71.3,44.4,25.7,526772.0,100440.0,266442.0,77517.0,,0.913,47375.79406622517
Provincia Autonoma di Bolzano/Bozen,2019,Nord-est,21.0,7398.380999999998,57.8,54.1,73.2,48.7,62.4,86.5,16.2,71.1,74.4,59.4,61.1,85.0,85.2,79.9,78.1,33.1,35.2,43.3,69.7,70.8,54.0,76.6,96.4,4.76,27.5,83.4,58.9,70.8,77.9,94.4,24.3,56.4,65.7,82.6,87.5,87.0,83.5,90.0,69.8,71.1,85.1,54.9,11.3,61.6,8.82,45.0,41.6,91.1,48.3,11.5,497.0,4.4,1.7,4.9841005821632995,25.549999999999997,0.2,9.2,0.18326463963757583,13.490404523013218,14.0,1231.4603174603174,43.6,34.3,11.6,55.7,68.8,43.3,3.8,48548.4627996237,71.25,71.1,34.6,10.5,11.385261018597,22.6,23.7,72.4,46.75,25.7,530313.0,100464.0,267942.0,77582.0,,0.916,48548.4627996237
Provincia Autonoma di Bolzano/Bozen,2020,Nord-est,21.0,7398.380999999998,55.6,54.7,68.5,45.7,64.6,81.7,19.6,68.5,69.3,53.6,57.8,77.8,81.9,76.4,70.2,31.8,31.2,39.5,72.9,66.3,63.0,65.9,97.5,7.49,31.7,57.2,79.9,57.6,80.9,91.0,16.2,54.0,61.7,69.2,86.3,89.2,74.6,90.8,62.1,66.2,74.2,56.6,7.02,53.2,9.15,43.7,35.3,97.5,48.3,12.5,464.0,6.4,1.2,7.707548554376009,28.7,0.6,4.5,0.27702796339195523,11.665317945889667,15.0,1269.0819672131147,46.0,38.349999999999994,13.6,55.0,70.5,38.7,3.5,44945.7,70.3,67.9,35.0,8.1,13.9033273265079,22.7,23.2,69.4,49.099999999999994,25.7,532644.0,100399.0,269052.0,77414.0,,0.907,44945.7
Provincia Autonoma di Bolzano/Bozen,2021,Nord-est,21.0,7398.380999999998,52.6,53.7,63.1,43.0,60.8,75.9,24.0,66.2,61.1,52.2,54.6,81.8,53.1,80.9,74.2,22.1,31.6,39.4,72.1,64.1,57.6,55.3,96.4,12.1,35.9,51.6,80.8,45.3,76.9,86.9,17.5,51.6,57.6,73.9,89.6,88.2,18.1,89.2,72.7,70.8,77.6,35.8,8.46,53.3,9.82,44.7,34.0,96.0,48.3,13.0,484.0,8.4,1.7,12.2787534856416,31.85,0.7,4.3,0.37079128714633464,14.116055165235494,16.2,1263.049180327869,48.4,42.4,12.9,57.0,69.7,9.4,4.1,49931.08354439865,71.2,68.9,30.2,8.9,13.8570035946662,22.9,23.6,68.8,51.449999999999996,25.7,534912.0,100096.0,269467.0,77046.0,,0.916,49931.08354439865
Provincia Autonoma di Bolzano/Bozen,2022,Nord-est,21.0,7398.380999999998,58.1,60.3,67.2,48.4,62.3,87.7,31.1,76.9,61.2,50.3,55.4,79.7,70.0,88.1,74.5,34.1,38.3,39.4,68.9,66.3,58.4,78.7,96.6,22.1,40.1,83.4,70.5,45.4,76.9,82.8,17.8,52.3,58.5,69.9,89.6,87.9,52.1,90.5,85.6,69.8,79.3,50.1,18.1,66.2,10.5,45.5,33.4,89.6,48.3,12.5,481.0,4.0,1.6,22.24010566997701,35.0,0.2,6.6,0.37,14.116055165235494,17.4,1261.655737704918,47.7,41.5,13.5,57.0,69.5,27.0,3.6,56022.34210536183,71.0,69.4,33.5,14.3,10.0368538875149,23.1,23.9,68.5,53.8,25.7,532616.0,100207.0,268487.0,76961.0,,0.925,56022.34210536183
Provincia Autonoma di Bolzano/Bozen,2023,Nord-est,21.0,7398.380999999998,58.3,63.4,68.0,45.9,62.3,87.8,58.8,78.7,40.4,50.3,56.1,70.7,82.8,88.1,70.8,27.3,38.9,37.6,72.0,66.3,58.4,78.7,96.8,77.5,40.1,83.4,74.1,3.94,76.9,82.8,17.8,54.5,57.8,51.8,89.6,89.3,76.3,90.5,85.6,74.9,66.7,38.4,16.2,66.3,11.5,45.5,29.8,89.6,54.4,12.5,481.0,4.0,1.5,77.55393614822668,35.0,0.2,5.8,0.74,14.116055165235494,17.4,1261.655737704918,45.5,42.2,16.2,57.0,70.6,39.6,3.6,56022.34210536183,72.0,65.7,30.8,13.2,10.0053082708988,23.4,23.9,66.8,53.8,28.6,534147.0,99603.0,269399.0,76386.0,96.9,,59805.89772303099
Provincia Autonoma di Trento,2018,Nord-est,22.0,6207.119799999999,58.7,46.0,79.0,55.6,52.3,83.8,11.3,61.6,67.8,82.3,73.8,92.1,85.5,64.4,65.3,51.4,31.8,75.3,66.4,55.1,49.5,72.3,95.4,10.9,11.6,69.3,53.9,80.2,55.5,91.0,73.7,72.9,74.6,115.0,69.5,88.9,82.1,80.2,48.6,63.6,67.0,87.0,15.8,57.7,5.82,83.0,67.6,84.6,48.3,15.0,514.0,5.2,2.2,11.08608978918539,13.6,0.4,10.3,0.12114905028230757,27.21704198613398,15.0,1002.1095890410959,27.1,25.4,6.8,44.8,70.3,42.6,7.5,38550.73695467944,69.8,65.8,42.0,13.0,12.5550705617883,21.7,38.4,84.7,44.4,25.7,541966.0,95341.0,276186.0,73154.0,,0.922,38550.73695467944
Provincia Autonoma di Trento,2019,Nord-est,22.0,6207.119799999999,60.5,51.5,79.9,53.8,54.6,88.9,22.2,56.9,59.0,80.6,72.4,93.0,88.3,68.2,56.3,51.3,31.7,70.6,69.7,61.1,48.1,80.8,97.0,19.8,24.5,57.2,56.6,46.6,71.4,87.6,73.7,72.1,72.7,115.0,70.5,88.3,88.3,85.8,50.6,60.5,52.1,87.0,15.6,57.2,6.16,82.4,58.8,91.1,48.3,13.66666666666667,519.0,3.6,1.4,19.983556326321562,23.275,0.6,9.7,0.3607998210432888,17.507440397386066,16.0,1002.3194444444445,27.9,27.333333333333332,6.7,45.4,69.8,45.8,5.4,39492.69973374954,69.2,61.4,42.0,12.9,12.6924823423718,21.8,38.2,80.5,46.75,25.7,543721.0,94417.0,276813.0,72167.0,,0.927,39492.69973374954
Provincia Autonoma di Trento,2020,Nord-est,22.0,6207.119799999999,64.3,63.2,75.4,55.9,59.0,87.1,37.3,82.5,63.4,76.2,70.4,83.9,81.6,66.3,64.0,49.4,32.8,72.1,72.9,61.1,57.0,76.6,97.7,37.3,37.4,83.4,81.7,45.9,80.9,79.0,73.4,70.0,70.7,108.0,59.8,88.7,74.6,87.1,45.6,63.1,65.0,85.3,13.5,58.7,6.82,81.7,62.6,97.5,48.3,13.66666666666667,486.0,4.4,1.1,37.42687956581513,32.949999999999996,0.2,4.1,0.3659571976461633,11.665317945889667,18.5,1003.4788732394367,29.95,29.266666666666666,7.8,38.9,70.1,38.7,4.9,37142.4,69.7,65.2,41.6,11.7,12.2558427518686,22.0,37.9,82.3,49.099999999999994,25.7,545425.0,93612.0,277511.0,71247.0,,0.917,37142.4
Provincia Autonoma di Trento,2021,Nord-est,22.0,6207.119799999999,62.6,66.0,70.4,52.8,52.3,90.3,51.2,83.9,61.6,79.8,68.4,82.3,56.1,68.6,52.0,43.5,34.3,73.6,72.1,58.1,46.5,84.0,96.6,52.1,50.3,83.4,84.4,46.3,76.9,84.8,74.9,68.0,68.8,101.0,63.3,89.0,23.1,86.3,50.9,44.5,59.6,67.5,19.6,60.7,7.82,89.9,57.3,96.0,48.3,14.33333333333333,525.0,3.0,1.6,52.23831645535497,42.625,0.2,3.5,0.36322294987886516,14.116055165235494,16.8,996.7428571428571,32.0,31.2,8.8,41.0,70.4,12.0,5.2,39636.484931683895,66.1,63.6,37.5,15.1,11.6534918713745,22.3,41.1,79.8,51.449999999999996,25.7,542166.0,92054.0,275400.0,69772.0,,0.928,39636.484931683895
Provincia Autonoma di Trento,2022,Nord-est,22.0,6207.119799999999,62.9,60.7,77.8,52.7,55.2,82.4,64.9,68.3,40.9,85.8,68.5,87.3,75.9,73.2,56.2,42.8,33.9,72.5,68.9,55.1,55.4,67.5,97.3,66.6,63.1,57.2,79.4,4.94,76.9,90.6,80.9,67.6,69.4,111.0,63.3,91.1,60.7,86.5,59.9,57.9,54.5,66.6,19.0,59.7,8.15,90.2,54.7,89.6,48.3,15.0,492.0,6.1,1.3,66.71458994150366,52.3,0.6,4.6,0.73,14.116055165235494,15.1,968.5492957746479,32.4,30.6,7.3,41.0,72.0,31.5,5.1,43901.206630996305,68.7,62.1,37.3,14.8,11.9740925738466,22.4,41.2,78.6,53.8,25.7,540958.0,91120.0,274618.0,68767.0,,0.934,43901.206630996305
Provincia Autonoma di Trento,2023,Nord-est,22.0,6207.119799999999,67.3,65.7,80.6,57.5,55.2,79.4,70.3,64.7,61.2,85.8,68.6,84.3,90.5,75.8,63.8,56.0,35.1,72.5,68.9,55.1,55.4,67.5,91.3,77.5,63.1,57.2,72.3,45.4,76.9,90.6,80.9,68.0,69.1,105.0,63.3,91.1,89.8,86.5,65.1,65.6,61.9,93.1,19.0,61.7,8.49,90.2,54.7,89.6,48.3,15.0,492.0,6.1,4.1,77.55393614822668,52.3,0.6,6.2,0.37,14.116055165235494,15.1,968.5492957746479,32.0,30.9,8.2,41.0,72.0,46.6,5.1,46366.476750597314,70.2,64.3,43.4,14.8,11.3629176789433,22.5,41.2,78.6,53.8,25.7,542996.0,90013.0,275315.0,67666.0,99.3,,46366.476750597314
Puglia,2018,Sud,16.0,19540.904100000003,38.4,47.1,43.9,27.5,60.5,72.7,20.2,49.5,52.7,71.8,58.3,25.2,58.1,26.4,39.2,13.5,17.4,37.4,45.3,61.3,59.7,68.6,76.8,13.3,27.1,46.4,52.6,74.3,31.1,42.6,101.0,61.7,54.9,42.4,7.96,65.0,51.3,46.2,6.69,44.0,34.4,24.5,2.54,13.7,21.1,27.2,47.5,76.1,14.4,13.61538461538461,476.0,5.9,11.0,13.52779536339006,25.2,0.8,10.6,0.15990395528829565,42.13243754140284,29.2,874.8581560283687,38.3,45.1,17.6,7.4,51.4,26.6,20.4,18818.142137054314,66.0,56.2,27.6,5.6,25.6120402683783,26.3,16.8,75.2,41.3,9.8,4000966.0,659677.0,2056346.0,493420.0,,0.856,18818.142137054314
Puglia,2019,Sud,16.0,19540.904100000003,39.3,54.9,42.9,25.8,63.6,75.5,32.0,56.4,57.6,70.1,58.5,25.2,61.9,22.8,40.9,11.2,15.5,40.8,39.7,66.4,60.8,67.5,83.5,24.2,39.8,51.6,61.1,76.2,39.1,35.7,104.0,61.7,55.3,41.1,9.28,65.0,58.8,38.3,7.35,47.1,34.8,18.9,3.44,9.82,21.1,32.6,49.0,64.9,14.4,12.48,472.0,6.1,7.8,24.42095061175561,34.775,0.7,8.7,0.1473854919125896,37.24031137784073,31.2,859.2701252236136,38.3,44.7,17.8,8.2,51.4,30.5,23.4,19128.302809756835,66.6,56.3,26.3,6.1,26.7645416938715,26.3,18.9,75.9,37.224999999999994,9.8,3975528.0,643848.0,2041184.0,480332.0,,0.86,19128.302809756835
Puglia,2020,Sud,16.0,19540.904100000003,40.4,57.5,41.5,27.6,63.8,76.0,36.9,63.8,55.2,67.2,56.4,21.1,54.9,28.0,50.5,15.3,15.6,35.1,38.2,65.9,61.6,68.1,84.0,21.2,52.6,57.2,70.5,68.7,41.7,26.9,108.0,59.9,53.0,36.4,5.82,65.0,44.7,50.9,5.03,51.2,49.7,28.0,2.54,10.5,20.8,34.4,35.7,53.7,22.7,12.59259259259259,469.0,6.0,7.6,21.43155256042894,44.349999999999994,0.6,6.6,0.19777007591141604,35.602636549799115,33.8,844.9675675675676,40.15,47.0,18.5,6.1,51.4,23.2,18.6,18036.6,67.4,60.7,28.4,5.6,26.5651028167067,26.2,19.6,69.6,33.15,13.7,3953305.0,629459.0,2029773.0,468957.0,,0.855,18036.6
Puglia,2021,Sud,16.0,19540.904100000003,38.8,61.4,35.5,26.8,64.2,78.7,49.8,63.3,55.0,65.9,54.4,24.8,37.5,16.8,44.1,18.8,17.0,29.8,32.6,68.4,60.0,72.3,85.0,34.2,65.3,51.6,75.0,61.6,48.5,27.9,104.0,58.0,50.7,42.4,7.14,65.4,9.64,24.0,9.67,45.0,43.3,31.9,5.77,12.5,21.5,34.7,24.9,42.5,22.7,12.03703703703704,475.0,5.2,7.1,34.394111647120965,53.925,0.7,5.6,0.24815465991024246,31.49027585697921,33.5,861.5297397769517,42.0,49.3,17.6,6.9,51.7,5.0,28.8,20225.429824610528,66.2,58.8,29.3,7.4,25.9591444193577,26.4,19.7,64.5,29.075,13.7,3933777.0,623294.0,2020524.0,463503.0,,0.859,20225.429824610528
Puglia,2022,Sud,16.0,19540.904100000003,41.2,62.2,44.2,25.5,64.9,70.6,62.2,63.1,51.7,64.5,53.6,34.8,46.4,30.3,44.8,15.3,15.9,36.6,27.0,67.7,62.1,59.6,81.6,46.4,78.0,51.6,74.5,68.4,35.0,28.9,100.0,57.5,49.7,62.5,7.14,66.4,26.4,47.2,13.4,49.7,39.9,25.0,5.59,10.3,21.5,37.0,36.1,31.3,22.7,12.19230769230769,467.0,7.6,8.7,46.54717241768897,63.5,0.7,5.7,0.2,39.70742398134013,33.2,879.2077669902912,42.5,50.3,14.6,6.9,52.5,13.7,20.0,21989.94135085434,67.1,57.8,27.7,7.3,26.6203049433197,26.4,20.6,69.8,25.0,13.7,3922941.0,610508.0,2012032.0,452792.0,,0.869,21989.94135085434
Puglia,2023,Sud,16.0,19540.904100000003,43.0,63.8,49.1,25.4,64.9,72.1,64.9,62.8,55.4,64.5,54.5,40.9,62.2,31.9,34.9,18.4,14.6,42.0,27.0,67.7,62.1,59.6,84.6,51.7,78.0,51.6,74.1,75.8,35.0,28.9,100.0,58.7,50.4,74.6,7.14,70.4,54.0,47.2,16.6,40.9,29.0,28.9,7.92,8.08,21.1,37.0,46.9,31.3,22.7,12.19230769230769,467.0,7.6,7.3,51.80494427225185,63.5,0.7,5.8,0.15,39.70742398134013,33.2,879.2077669902912,41.3,49.6,12.8,6.9,55.7,28.0,20.0,23500.974558883874,65.4,54.6,28.6,8.6,27.2814654672817,26.3,20.6,74.9,25.0,13.7,3907683.0,597581.0,2003546.0,442424.0,82.7,,23500.974558883874
Sardegna,2018,Isole,20.0,24100.0209,41.3,41.6,52.2,32.4,69.4,56.9,13.0,62.4,38.6,85.2,54.4,41.8,61.6,32.3,43.8,17.9,33.8,57.1,23.7,75.1,63.8,51.1,62.8,3.49,22.6,51.6,73.2,52.2,25.0,71.5,98.9,60.1,48.7,41.8,41.9,65.3,58.0,53.0,11.6,53.3,34.4,26.7,9.17,48.4,19.1,59.5,54.7,39.6,7.79,10.54545454545454,461.0,9.2,17.6,3.71505483599562,21.8,0.7,6.0,0.3175615717154259,45.81308870218028,20.7,885.2666666666667,39.9,51.3,17.7,28.0,51.6,30.1,17.8,21139.329296077707,67.8,56.2,28.1,9.3,15.3151073119968,25.7,29.3,78.6,28.0,6.7,1631040.0,228044.0,829671.0,172627.0,,0.87,21139.329296077707
Sardegna,2019,Isole,20.0,24100.0209,46.3,51.4,55.9,34.4,72.7,75.4,23.4,64.4,43.5,82.4,54.5,43.2,67.5,41.8,36.7,17.9,38.1,60.7,31.8,80.2,65.1,81.9,69.0,14.4,32.4,51.6,77.2,46.1,40.9,69.1,95.6,60.0,49.0,41.8,44.7,68.6,66.5,70.7,12.9,47.1,26.3,25.8,9.89,57.0,19.1,60.2,61.1,41.9,21.8,9.4,456.0,3.4,14.7,14.64918773171383,29.225,0.7,5.1,0.36477933889824476,36.097944160158,21.4,900.4117647058823,40.0,51.0,17.7,29.7,54.2,34.5,11.1,21725.245189560268,66.6,53.8,27.9,9.7,12.7511405894176,25.7,29.6,81.6,28.825,13.3,1622257.0,222780.0,824905.0,168377.0,,0.875,21725.245189560268
Sardegna,2020,Isole,20.0,24100.0209,48.2,52.7,55.1,38.5,76.0,61.4,32.3,71.4,38.0,78.5,51.5,56.3,59.4,37.4,43.0,27.4,37.4,57.8,33.0,83.8,68.1,50.0,72.8,22.3,42.3,57.2,85.7,45.7,30.2,66.8,90.2,57.0,46.0,73.9,38.7,68.4,50.3,65.4,9.44,46.6,39.5,44.0,10.8,55.7,19.1,63.1,52.6,44.1,21.8,8.6,445.0,9.4,12.9,22.460857847048597,36.65,0.6,3.2,0.36727595707523464,42.677367075124764,22.1,925.2994350282486,42.95,54.0,12.9,26.1,54.1,26.1,13.1,20116.5,66.5,57.7,32.1,10.2,13.1509517117932,25.7,30.7,77.6,29.65,13.3,1611621.0,217811.0,819925.0,163778.0,,0.87,20116.5
Sardegna,2021,Isole,20.0,24100.0209,48.4,57.1,50.2,39.5,74.4,69.5,41.2,64.7,43.9,76.7,48.6,56.9,41.0,36.5,47.1,28.3,35.8,59.3,34.1,87.4,61.3,68.6,70.4,30.2,52.2,41.5,87.9,61.7,26.1,70.3,83.1,54.1,43.0,71.9,41.9,68.6,13.5,58.6,14.4,59.5,34.8,42.3,14.4,51.7,19.8,67.7,50.9,46.4,21.8,7.8,470.0,5.9,14.0,30.36551623014062,44.075,0.9,2.7,0.24707082099780786,45.18148210384809,21.05,958.2754491017964,45.9,57.0,13.2,28.0,54.2,7.0,15.7,22461.555087178196,69.0,56.3,31.7,12.2,14.324737005715,25.9,32.5,76.8,30.475,13.3,1590044.0,214236.0,811934.0,160032.0,,0.876,22461.555087178196
Sardegna,2022,Isole,20.0,24100.0209,51.1,60.5,52.9,41.8,76.0,69.3,49.1,66.9,46.6,71.5,50.2,51.9,55.5,40.0,46.1,45.9,32.8,52.0,35.2,87.9,64.0,61.2,77.4,36.2,62.1,46.4,87.5,61.3,32.0,73.9,69.0,55.8,44.7,61.8,41.9,69.1,42.0,61.2,18.8,54.8,37.5,74.8,17.1,45.1,20.5,74.7,29.3,48.6,21.8,7.7,460.0,7.3,10.7,36.36969836682338,51.5,0.8,2.8,0.25,41.57017778116893,20.0,1023.8486842105264,44.2,55.3,14.7,28.0,54.6,21.8,14.7,24532.53316654031,68.1,57.1,39.2,13.7,16.2891694743667,26.1,35.2,66.6,31.3,13.3,1587413.0,209696.0,808743.0,155625.0,,0.879,24532.53316654031
Sardegna,2023,Isole,20.0,24100.0209,52.1,63.3,52.8,42.4,76.0,70.4,50.6,66.7,56.2,71.5,48.0,43.2,66.2,41.9,41.5,41.3,36.8,61.9,35.2,87.9,64.0,61.2,79.7,39.0,62.1,46.4,87.0,80.3,32.0,73.9,69.0,54.1,41.9,44.4,41.9,69.6,62.8,61.2,22.6,56.4,26.6,62.3,20.3,53.1,20.5,74.7,49.0,48.6,21.8,7.7,460.0,7.3,9.6,39.1809160721305,51.5,0.8,2.9,0.12,41.57017778116893,20.0,1023.8486842105264,45.9,58.1,17.3,28.0,55.0,32.6,14.7,26315.822905418285,68.4,53.9,36.3,15.5,13.9164807019084,26.1,35.2,75.9,31.3,13.3,1578146.0,204562.0,803901.0,150288.0,89.3,,26315.822905418285
Sicilia,2018,Isole,19.0,25832.387900000005,32.3,42.2,34.6,23.0,67.5,55.0,15.6,55.5,41.8,66.8,48.0,11.6,57.3,23.2,36.4,7.46,23.7,16.2,61.0,72.3,62.7,71.8,38.1,21.3,9.92,51.6,59.3,77.0,6.58,31.3,102.0,52.7,43.4,13.0,10.3,65.1,49.5,41.7,4.8,41.4,31.4,12.4,2.54,21.7,25.8,9.63,22.8,83.0,39.1,11.16666666666667,465.0,5.3,29.3,21.498634155019662,12.3,0.7,9.1,0.14163839961227132,57.092961313267686,32.5,869.1263586956521,47.3,56.6,22.0,8.8,51.5,25.7,22.1,17929.84522312909,65.5,55.3,24.8,5.6,23.2370845961614,27.7,10.0,63.5,43.8,21.4,4942188.0,846621.0,2539317.0,639677.0,,0.848,17929.84522312909
Sicilia,2019,Isole,19.0,25832.387900000005,32.3,44.9,33.8,22.2,69.7,57.6,23.9,59.7,31.7,70.7,47.6,11.1,58.1,20.4,39.7,4.32,24.5,21.3,59.6,74.5,64.8,72.9,42.4,29.5,18.3,51.6,67.8,46.9,16.6,38.8,103.0,52.4,42.7,11.0,11.3,65.8,50.5,35.4,5.47,48.1,31.4,7.18,1.47,23.1,25.8,15.8,26.8,80.1,39.1,10.66666666666667,457.0,5.1,27.3,29.641292968226402,18.6,0.7,7.2,0.35819163371801127,50.986829423443915,30.3,867.754507628294,47.6,57.3,22.3,9.4,52.0,26.2,24.5,18242.844860279238,66.8,55.3,23.6,5.0,22.8125438436235,27.7,12.4,65.4,42.75,21.4,4908548.0,830032.0,2520895.0,625651.0,,0.852,18242.844860279238
Sicilia,2020,Isole,19.0,25832.387900000005,36.1,50.2,35.5,26.4,70.5,56.4,31.3,63.5,40.2,70.5,45.8,11.5,53.6,28.4,44.0,6.76,23.0,32.0,58.2,72.4,68.6,59.0,53.8,35.9,26.7,51.6,75.4,62.6,17.7,41.9,99.1,51.0,40.5,14.3,8.62,65.9,41.3,53.6,3.3,49.1,38.8,10.4,3.08,20.2,25.8,16.1,48.0,77.2,39.1,11.14285714285714,443.0,7.7,21.9,36.02372209801535,24.9,0.7,5.5,0.24041346307379433,50.3164413211594,29.4,884.1139971139971,49.05,59.45,21.8,7.8,52.1,21.4,17.6,17221.2,67.0,57.5,24.35,5.9,23.6994553384864,27.7,12.5,75.4,41.7,21.4,4875290.0,814527.0,2504348.0,612691.0,,0.85,17221.2
Sicilia,2021,Isole,19.0,25832.387900000005,35.5,50.7,33.7,26.1,67.6,51.6,41.2,66.9,34.9,61.6,44.0,13.9,38.4,30.0,40.4,9.19,22.1,26.0,56.7,70.3,64.8,64.4,38.8,47.4,35.1,51.6,82.1,62.4,7.49,34.4,88.8,49.5,38.4,18.3,9.44,66.3,10.6,52.8,7.22,40.9,39.9,13.7,4.69,18.8,25.5,17.4,34.6,74.3,39.1,11.61111111111111,457.0,6.7,29.0,47.49969304391201,31.2,0.7,4.0,0.2420599300043369,56.53404371820033,31.599999999999998,931.9573170731708,50.5,61.6,21.2,8.3,52.4,5.5,17.9,19067.569201406848,65.4,57.8,25.1,6.8,24.0986804215462,27.6,13.0,69.1,40.65,21.4,4833705.0,812705.0,2486946.0,611364.0,,0.852,19067.569201406848
Sicilia,2022,Isole,19.0,25832.387900000005,37.9,56.1,38.4,25.3,68.3,50.9,51.4,62.9,49.2,55.2,44.0,21.9,48.1,32.8,41.8,9.92,21.6,21.1,55.3,71.6,65.1,70.7,31.2,59.4,43.5,46.4,79.4,74.3,24.1,26.9,83.5,49.6,38.3,34.4,9.44,66.3,29.9,53.8,11.8,47.1,36.5,15.9,3.98,17.7,25.5,19.7,22.6,71.4,39.1,11.33333333333333,456.0,5.5,32.6,59.498749092487955,37.5,0.8,4.6,0.16,46.41256164079767,33.8,956.8807631160572,50.35,61.7,18.8,8.3,52.4,15.5,17.5,21221.922162862535,66.6,56.8,25.6,6.4,24.4206701496559,27.6,13.9,63.4,39.6,21.4,4833329.0,802634.0,2479556.0,601878.0,,0.859,21221.922162862535
Sicilia,2023,Isole,19.0,25832.387900000005,38.3,54.2,42.4,24.4,68.3,54.2,53.2,62.7,38.0,55.2,44.2,27.6,58.5,34.6,39.2,9.84,21.7,18.6,55.3,71.6,65.1,70.7,37.7,63.0,43.5,46.4,79.0,51.9,24.1,26.9,83.5,49.8,38.6,45.8,9.44,69.4,47.6,53.8,15.3,46.0,32.4,15.0,4.69,18.0,25.5,19.7,17.5,71.4,39.1,11.33333333333333,456.0,5.5,29.5,63.11751950429938,37.5,0.8,4.7,0.32,46.41256164079767,33.8,956.8807631160572,50.2,61.4,17.1,8.3,54.9,24.7,17.5,22891.35817882931,66.4,55.6,25.4,6.8,24.3303662799835,27.6,13.9,61.0,39.6,21.4,4814016.0,789243.0,2468619.0,590762.0,75.9,,22891.35817882931
Sud,2018,,,,35.8,43.2,40.5,26.2,65.6,62.4,14.4,52.6,48.4,53.3,53.9,26.3,59.6,24.2,37.4,15.5,21.9,23.2,41.5,64.2,67.0,64.4,60.5,15.2,13.5,41.5,63.8,74.8,21.9,23.1,83.5,58.1,49.8,45.8,6.81,68.7,50.5,40.4,8.05,42.4,32.4,27.6,3.44,17.3,26.5,18.2,28.3,62.7,20.4,12.968429210908246,449.0,6.7,18.7,15.442818926074816,15.0,0.9,8.1,0.15626053204864448,47.70738140500309,34.9,956.6476802036151,41.9,50.2,17.1,6.7,54.3,26.2,22.6,19459.018161438762,65.7,55.6,28.3,6.1,24.5318097577924,27.9,13.3,66.1,36.4,12.6,13863703.0,2348283.0,7102318.0,1765569.0,,,
Sud,2019,,,,38.8,51.0,41.8,27.3,67.4,68.8,25.1,59.7,49.9,54.6,53.8,27.7,63.0,25.0,39.9,15.8,21.5,27.0,41.4,67.2,67.5,64.9,72.8,27.6,22.5,51.6,67.8,74.8,25.0,23.1,86.1,57.9,49.7,48.5,6.97,69.2,56.9,41.2,8.79,47.1,32.7,28.4,3.26,16.5,26.5,21.2,32.7,58.2,24.6,12.305223414278187,447.0,6.6,12.9,27.79684318209939,21.75,0.7,7.2,0.15626053204864448,45.84687601468482,34.9,944.4019067470141,42.1,50.3,16.7,6.8,54.7,29.5,22.3,19806.83184760315,66.6,55.7,28.5,6.0,24.7967969739224,27.9,14.5,68.2,34.775,14.6,13790862.0,2300194.0,7059508.0,1725371.0,,,
Sud,2020,,,,39.1,54.1,39.9,27.7,68.2,63.6,30.7,67.2,52.0,54.6,51.3,23.3,56.4,27.5,44.1,17.7,21.0,25.6,39.2,67.6,68.9,62.2,64.9,29.9,31.5,57.2,77.2,76.8,27.1,23.1,86.1,56.0,46.6,43.1,3.51,69.6,43.2,48.6,6.51,47.6,40.5,32.8,2.72,15.9,26.1,23.1,28.1,53.7,24.6,12.214176691971218,442.0,7.1,16.6,30.051280978683415,28.5,0.6,5.1,0.1429260127772997,44.55387280262613,34.9,944.495437550597,44.05,53.4,17.5,4.7,55.0,22.4,19.5,18732.78023730056,66.7,58.0,29.5,5.7,24.9654370391567,27.8,15.2,66.0,33.15,14.6,13707269.0,2254575.0,7019543.0,1688637.0,,,
Sud,2021,,,,39.3,57.1,37.4,28.4,67.9,66.6,41.1,64.9,50.5,49.0,48.8,31.1,39.9,24.8,44.1,20.2,21.5,25.2,38.4,70.7,65.1,65.9,67.3,41.7,40.5,51.6,78.1,74.4,26.6,23.1,74.8,54.0,43.5,57.8,4.34,69.8,10.0,39.1,10.5,48.6,39.5,34.1,6.31,16.8,26.1,25.1,25.3,49.3,27.6,11.524923443549575,456.0,6.4,15.5,41.8247716256252,35.25,0.7,4.9,0.1589968283023605,44.858922353136,34.9,996.9864875466482,46.0,56.5,15.3,5.2,55.2,5.2,23.1,20622.61263235467,66.9,57.7,29.8,7.7,24.6898642996262,27.8,16.0,64.7,31.525,16.0,13539074.0,2233811.0,6940360.0,1669534.0,,,
Sud,2022,,,,41.6,57.3,43.1,29.1,67.6,64.1,50.9,61.1,46.0,52.4,50.0,36.1,52.5,30.0,42.6,21.5,19.4,32.4,36.2,68.2,67.0,67.5,60.7,52.3,49.4,46.4,75.9,69.8,22.2,23.1,81.6,54.7,45.4,67.9,4.34,70.6,34.5,45.7,14.3,47.1,38.2,36.2,6.84,13.0,25.8,28.5,36.3,44.8,27.6,12.072773950918332,449.0,6.1,18.6,52.409432552333506,42.0,0.8,5.4,0.19,47.57365872179497,34.9,965.3106283454173,45.3,54.6,13.8,5.2,55.8,17.9,20.6,22396.49420179821,66.6,57.3,30.3,8.0,25.82460605435,27.7,17.3,69.9,29.9,16.0,13512083.0,2191613.0,6910455.0,1632567.0,,,
Sud,2023,,,,42.7,58.9,46.0,28.8,67.6,67.1,53.9,60.9,47.5,52.4,51.1,37.1,65.2,31.7,36.4,25.2,19.6,32.0,34.7,68.2,67.0,67.5,66.6,58.4,49.4,46.4,75.4,72.8,22.1,23.1,81.6,56.1,46.1,69.9,4.34,74.6,55.7,45.7,17.7,41.4,31.4,42.3,8.1,13.4,25.8,28.5,35.5,44.8,24.6,12.072773950918332,449.0,6.1,15.8,58.542126561843794,42.0,0.8,5.5,0.17,47.57826252208593,34.9,965.3367981267562,43.9,53.9,13.5,5.2,59.0,28.9,20.6,23985.74699413199,65.5,55.3,31.7,8.7,25.6918065097683,27.7,17.3,69.5,29.9,14.6,13464669.0,2149851.0,6885652.0,1598349.0,,,
Toscana,2018,Centro,9.0,22987.0442,53.2,46.5,69.4,46.7,40.0,84.1,28.2,42.0,54.4,72.3,67.8,69.4,80.3,59.2,46.7,29.5,42.8,72.0,52.4,58.1,21.9,85.1,83.1,10.8,45.6,69.3,14.6,53.2,55.6,64.4,80.2,68.6,67.0,91.3,47.5,82.1,78.5,84.2,34.1,45.0,48.4,48.0,11.0,58.9,26.8,77.5,66.4,54.1,50.6,14.33333333333333,616.0,2.8,8.0,11.03970128059043,39.1,0.4,19.1,0.30985154926204983,27.164103623400027,22.8,971.9932584269662,31.4,33.0,10.3,31.4,64.9,40.7,6.0,31756.71526964686,66.2,60.3,33.0,10.3,12.2106975400675,28.0,36.3,84.1,33.3,26.8,3712048.0,561572.0,1920572.0,432537.0,,0.91,31756.71526964686
Toscana,2019,Centro,9.0,22987.0442,56.1,54.2,70.4,46.2,41.9,83.3,42.2,47.6,66.6,76.0,66.8,71.6,76.5,62.0,44.0,29.4,42.1,72.6,53.3,62.0,21.9,79.2,87.3,26.8,57.7,69.3,25.8,67.0,66.2,71.2,80.7,67.5,66.2,92.6,50.6,82.0,71.1,87.1,36.9,46.0,41.9,48.8,10.1,57.1,27.1,80.1,65.1,56.1,50.6,13.46666666666667,616.0,3.9,6.0,26.969204257690997,48.2,0.4,16.6,0.20933919727314762,20.677179243462405,20.8,969.5456621004566,32.5,33.8,10.1,33.3,64.8,36.9,4.9,33049.05212529417,66.4,58.4,33.2,9.8,12.7193533380505,28.1,37.3,83.5,34.0,26.8,3701343.0,554447.0,1913312.0,424661.0,,0.915,33049.05212529417
Toscana,2020,Centro,9.0,22987.0442,57.1,59.8,64.0,48.6,46.0,80.0,48.4,63.6,67.6,71.5,64.9,56.2,72.1,57.3,50.9,29.3,40.8,70.6,63.0,61.1,30.8,71.3,88.8,26.9,69.8,69.3,58.0,74.6,60.6,62.0,80.9,65.9,63.9,73.9,38.6,82.0,62.3,85.8,28.8,47.1,54.8,51.0,7.56,54.9,26.8,80.9,60.2,58.0,68.1,13.66666666666667,583.0,5.4,5.3,27.097638917392057,57.3,0.4,9.4,0.1577554553808414,24.10120277800092,23.5,968.5720930232558,34.1,36.099999999999994,12.9,26.0,64.8,32.3,5.4,29245.2,66.6,62.2,33.7,8.4,13.3832765379085,28.0,37.6,81.2,34.7,35.0,3692555.0,547732.0,1908237.0,416486.0,,0.907,29245.2
Toscana,2021,Centro,9.0,22987.0442,58.4,63.0,62.6,50.5,46.6,78.7,62.4,65.5,66.3,78.2,63.0,64.4,50.8,59.7,48.6,32.1,42.0,78.4,64.0,66.5,26.8,71.8,85.6,42.9,81.9,76.1,54.8,66.9,65.7,64.0,92.3,64.3,61.6,85.9,42.9,82.6,19.1,83.6,35.7,44.5,52.8,52.3,11.9,56.1,27.8,83.0,73.8,59.9,68.1,12.46666666666667,598.0,5.3,6.8,43.07542184826364,66.4,0.3,10.1,0.21054676098810648,20.95484326528961,22.9,915.9151785714286,35.7,38.4,11.1,28.6,65.3,9.9,6.2,32505.371887982597,66.1,61.6,34.0,10.8,13.0193424506134,28.3,38.4,87.6,35.4,35.0,3692865.0,543817.0,1904315.0,410330.0,,0.913,32505.371887982597
Toscana,2022,Centro,9.0,22987.0442,62.4,66.9,68.2,53.1,46.2,86.2,72.0,60.3,77.7,84.9,63.0,65.7,66.0,63.6,49.0,40.1,42.5,77.9,64.9,62.9,29.5,85.6,86.7,49.9,94.0,69.3,51.3,74.3,81.1,66.1,104.0,64.0,62.1,88.6,42.9,82.8,49.2,85.0,42.3,44.5,53.5,67.9,12.4,56.3,28.8,88.9,67.0,61.8,68.1,13.26666666666667,588.0,2.7,6.3,50.06283046783492,75.5,0.4,10.9,0.16,11.580670632794664,22.3,862.7090517241379,36.0,37.9,10.7,28.6,65.5,25.5,5.7,35611.00428875662,66.1,61.8,37.6,11.1,12.9745374424623,28.6,40.7,84.4,36.1,35.0,3663191.0,535703.0,1886385.0,400297.0,,0.921,35611.00428875662
Toscana,2023,Centro,9.0,22987.0442,63.3,66.2,71.8,53.3,46.2,87.0,74.4,54.7,77.7,84.9,61.8,70.4,78.2,65.8,50.0,44.8,40.4,73.2,64.9,62.9,29.5,85.6,88.4,54.9,94.0,69.3,40.1,74.3,81.1,66.1,104.0,63.0,60.6,98.0,42.9,84.0,72.5,85.0,46.7,47.6,52.4,74.0,15.6,52.4,28.5,88.9,57.5,61.8,68.1,13.26666666666667,588.0,2.7,5.5,54.991255836489415,75.5,0.4,13.4,0.16,11.580670632794664,22.3,862.7090517241379,37.0,39.4,9.3,28.6,66.4,37.6,5.7,37682.24401168983,66.7,61.5,39.0,12.9,14.1295349486216,28.5,40.7,79.9,36.1,35.0,3661981.0,526684.0,1885083.0,389698.0,92.6,,37682.24401168983
Umbria,2018,Centro,10.0,8464.3275,51.9,47.9,65.8,44.2,52.3,77.8,27.2,42.8,53.3,82.1,70.2,65.5,79.0,41.5,36.3,30.1,39.5,78.4,49.8,58.3,46.2,69.1,86.5,23.1,31.2,57.2,28.5,48.5,58.0,69.5,94.7,71.5,68.8,105.0,26.4,86.4,71.5,61.0,22.1,34.7,37.8,49.7,10.6,44.2,34.8,94.1,62.8,65.7,34.0,14.27272727272727,526.0,5.8,6.4,23.32797431986815,28.3,0.6,16.0,0.34545427222607217,25.639125879359376,21.3,904.578947368421,28.5,31.2,8.3,18.6,68.3,37.1,14.8,26085.609852588273,64.2,57.2,33.4,10.1,16.5626822875446,30.4,42.7,82.4,37.5,19.0,876477.0,133620.0,454480.0,103122.0,,0.897,26085.609852588273
Umbria,2019,Centro,10.0,8464.3275,57.2,52.7,67.7,52.4,55.3,73.0,31.8,44.8,70.4,84.2,69.1,62.2,78.6,50.0,36.9,42.3,44.2,83.5,68.7,63.0,47.6,63.3,82.7,21.5,42.1,57.2,32.5,65.3,75.6,68.1,100.0,70.4,67.8,98.0,26.4,90.2,67.1,77.3,22.7,37.3,36.5,72.7,11.9,54.0,34.4,94.8,72.1,62.8,74.7,13.23809523809524,521.0,6.9,8.2,21.71116433957,36.475,0.6,15.1,0.22159093427169707,14.909173823820021,21.7,878.5130434782609,29.6,32.2,9.3,18.6,71.3,34.8,8.6,26351.755292431193,64.7,56.8,38.7,10.8,13.6451420791175,30.3,43.0,86.8,36.45,38.1,873744.0,131570.0,452293.0,101029.0,,0.903,26351.755292431193
Umbria,2020,Centro,10.0,8464.3275,60.2,62.3,60.8,57.7,55.5,73.7,42.5,76.9,70.1,74.3,66.8,48.6,72.1,47.7,48.9,56.2,44.6,77.8,67.3,59.4,51.6,59.0,88.4,32.0,53.0,91.3,62.4,65.1,75.1,52.1,96.4,68.9,64.8,75.9,21.3,90.1,54.2,77.0,18.3,41.9,55.8,104.0,8.46,55.2,34.1,97.4,58.1,59.9,74.7,14.04761904761905,506.0,7.7,5.5,32.13278451101456,44.650000000000006,0.1,8.4,0.2228493247019491,15.20393197179025,26.4,896.5727272727273,31.1,35.2,12.6,15.5,71.2,28.1,8.7,24297.5,65.6,62.5,45.9,8.9,13.3008645864346,30.2,44.0,80.2,35.4,38.1,870165.0,129638.0,450271.0,98623.0,,0.898,24297.5
Umbria,2021,Centro,10.0,8464.3275,58.6,63.4,57.0,55.8,57.4,80.2,52.9,60.5,69.8,69.2,64.6,51.9,52.9,49.0,46.6,56.1,44.0,71.1,65.8,66.2,48.7,68.6,91.8,41.9,63.8,63.0,58.0,64.9,74.6,47.3,91.1,67.4,61.8,79.9,23.9,90.2,15.6,73.9,24.2,45.5,47.7,98.3,14.0,53.6,34.4,96.6,45.6,57.0,74.7,12.52380952380952,517.0,5.9,3.9,42.02483263389387,52.825,0.5,9.4,0.22410771513220112,15.49869011976048,27.799999999999997,921.5619047619048,32.6,38.2,12.0,17.1,71.3,8.1,9.9,27049.822144762788,66.3,60.1,44.6,12.0,13.7662215363381,30.3,43.7,74.3,34.349999999999994,38.1,865452.0,128256.0,447744.0,96764.0,,0.902,27049.822144762788
Umbria,2022,Centro,10.0,8464.3275,61.3,65.5,64.6,54.5,56.3,78.9,62.8,68.4,63.2,71.2,67.5,67.7,66.4,52.1,50.8,43.9,44.0,76.5,64.4,63.5,49.2,72.3,85.4,50.9,74.7,83.4,53.5,49.6,76.7,42.6,99.8,69.8,65.1,111.0,23.9,90.4,42.4,76.3,27.9,49.1,52.4,75.7,12.0,53.8,34.1,96.6,56.4,54.1,74.7,13.13636363636364,515.0,5.2,6.9,51.02270487433225,61.0,0.2,10.4,0.33705385756610057,14.22667680030401,29.2,880.7289719626168,30.2,34.9,7.3,17.1,71.5,22.0,9.0,28796.25684351679,67.0,61.5,39.4,10.9,13.6997702924608,30.2,43.7,79.4,33.3,38.1,858812.0,126312.0,443617.0,94238.0,,0.908,28796.25684351679
Umbria,2023,Centro,10.0,8464.3275,61.2,64.2,68.5,52.1,56.3,79.6,65.2,66.2,56.1,71.2,67.2,73.3,79.7,53.9,38.9,44.7,40.6,84.6,64.4,63.5,49.2,72.3,86.9,55.7,74.7,83.4,49.0,35.6,76.7,42.6,99.8,70.1,64.2,123.0,23.9,93.2,66.1,76.3,31.5,39.3,38.5,72.2,17.2,47.5,33.8,96.6,72.5,54.1,74.7,13.13636363636364,515.0,5.2,6.2,55.84451238783961,61.0,0.2,11.4,0.45,14.22667680030401,29.2,880.7289719626168,29.9,35.8,5.6,17.1,73.7,34.3,9.0,30531.18053118053,65.1,57.4,38.6,13.8,15.5877635234264,30.1,43.7,87.0,33.3,38.1,856407.0,124017.0,442134.0,91454.0,93.4,,30531.18053118053
Valle d'Aosta/Vallée d'Aoste,2018,Nord-ovest,2.0,3260.8981000000013,56.8,48.3,68.1,55.8,49.1,86.4,11.2,81.7,67.6,86.3,71.8,47.0,73.0,68.7,40.7,39.7,53.0,88.7,71.1,70.8,27.3,80.1,92.6,0.0972,22.3,100.0,63.3,65.6,69.7,81.8,90.9,73.3,70.3,59.2,34.8,77.2,68.8,89.2,48.2,40.9,40.5,71.4,8.1,74.8,31.1,102.0,75.7,100.0,42.3,11.5,596.0,3.7333333333333334,3.5,0.33134920583562,21.6,0.0,8.2,,,17.7,922.1176470588235,26.7,29.7,15.1,23.7,61.0,35.7,4.1,38378.54604447974,65.4,58.0,38.4,8.7,7.47699674558769,29.3,45.7,88.5,50.0,22.9,126213.0,20376.0,64461.0,15676.0,,0.883,38378.54604447974
Valle d'Aosta/Vallée d'Aoste,2019,Nord-ovest,2.0,3260.8981000000013,59.8,55.8,67.5,56.9,50.1,85.2,21.2,89.3,66.8,75.9,70.3,50.7,74.2,69.6,49.1,39.8,50.9,84.4,71.1,75.3,24.9,81.4,89.0,10.2,32.1,100.0,78.5,65.6,68.0,68.1,83.6,71.0,69.7,65.9,35.4,78.3,70.2,90.0,49.2,50.2,48.0,68.8,10.8,71.1,30.8,97.2,71.7,100.0,42.3,10.5,605.0,3.5,5.2,10.44635337712649,29.0,0.0,4.8,,,21.7,956.25,29.0,30.3,14.1,24.1,61.9,36.4,3.8,38856.72268156425,67.2,60.2,37.8,10.2,8.58762068762781,29.2,43.9,86.6,50.0,22.9,125653.0,19952.0,64182.0,15300.0,,0.893,38856.72268156425
Valle d'Aosta/Vallée d'Aoste,2020,Nord-ovest,2.0,3260.8981000000013,58.5,55.7,65.5,54.9,47.7,71.0,28.2,92.8,60.4,72.3,68.6,51.4,72.6,65.0,55.8,38.7,52.1,75.0,58.9,71.6,23.8,48.4,93.7,14.5,42.0,100.0,85.7,52.0,68.8,84.8,59.7,70.1,67.0,71.9,31.0,77.4,67.9,87.3,42.7,50.7,60.9,69.2,8.1,73.5,30.8,88.6,61.3,100.0,17.8,11.33333333333333,609.0,9.7,3.0,14.712817921509181,36.400000000000006,0.0,3.2,,,16.8,1067.2857142857142,29.9,32.95,13.2,21.4,61.2,35.2,4.8,35795.9,67.3,64.0,37.9,8.7,7.86215999840919,29.2,40.6,81.7,50.0,11.4,125034.0,19556.0,63913.0,14942.0,,0.88,35795.9
Valle d'Aosta/Vallée d'Aoste,2021,Nord-ovest,2.0,3260.8981000000013,55.8,53.0,60.5,54.3,48.1,67.7,40.7,49.7,63.1,72.9,66.8,49.6,49.1,68.1,48.5,40.4,52.1,78.1,58.9,70.1,26.2,37.7,97.7,29.6,51.8,12.9,86.6,63.5,62.8,79.4,66.4,69.2,64.4,65.9,33.3,78.4,19.9,87.3,48.8,36.8,60.2,69.2,11.7,74.2,30.1,89.9,66.4,100.0,17.8,11.66666666666667,600.0,11.7,1.1,29.76755937342092,43.800000000000004,1.6,3.0,,,18.4,1036.0714285714287,30.8,35.6,14.1,22.8,62.0,10.3,4.8,38665.650250606304,64.6,63.8,37.9,10.7,7.663451514288145,29.0,41.1,84.1,50.0,11.4,124089.0,19264.0,63377.0,14505.0,,0.892,38665.650250606304
Valle d'Aosta/Vallée d'Aoste,2022,Nord-ovest,2.0,3260.8981000000013,60.0,63.0,62.3,55.2,45.4,65.1,50.6,93.7,70.8,55.6,71.0,52.3,61.5,73.6,42.6,46.6,52.6,83.1,58.9,68.6,22.2,37.7,92.4,39.5,61.7,100.0,87.5,74.3,67.3,73.9,37.2,72.5,69.6,71.2,33.3,78.5,44.5,87.3,59.9,39.9,45.3,81.8,11.5,74.8,30.4,94.8,71.4,100.0,17.8,12.0,615.0,11.7,3.6,39.671551288529564,51.2,0.0,2.8,,,20.0,1171.5833333333333,27.5,30.4,13.3,22.8,62.1,23.1,4.8,43906.472540584415,65.2,59.4,40.8,10.6,7.4647430301671,29.1,43.0,86.5,50.0,11.4,123360.0,18861.0,62947.0,14059.0,,0.899,43906.472540584415
Valle d'Aosta/Vallée d'Aoste,2023,Nord-ovest,2.0,3260.8981000000013,63.6,63.7,66.6,60.6,45.4,65.8,56.5,90.4,68.6,55.6,67.1,62.0,74.7,76.2,58.1,53.8,53.0,83.9,58.9,68.6,22.2,37.7,93.9,51.2,61.7,100.0,80.8,69.8,67.3,73.9,37.2,70.1,64.0,90.6,33.3,79.7,69.8,87.3,65.1,55.3,60.9,93.1,14.5,75.5,30.4,94.8,72.9,100.0,17.8,12.0,615.0,11.7,2.9,51.347481893212056,51.2,0.0,4.3,,,20.0,1171.5833333333333,29.9,36.0,10.4,22.8,63.0,36.2,4.8,46333.333333333336,68.2,64.0,43.4,12.3,7.2575784882947,29.1,43.0,87.2,50.0,11.4,123130.0,18568.0,62777.0,13694.0,91.5,,46333.333333333336
Veneto,2018,Nord-est,5.0,18407.415699999998,53.5,55.1,64.9,42.7,42.5,89.6,31.9,63.3,66.1,59.3,71.3,59.1,77.8,59.4,45.0,39.7,29.6,56.5,47.5,27.5,57.6,85.1,94.1,12.5,51.3,83.4,43.2,62.8,69.3,66.4,52.2,71.4,71.2,87.3,30.8,81.7,73.8,81.0,37.8,46.0,43.9,68.3,11.0,44.1,15.1,58.9,54.1,55.5,39.5,21.13333333333333,484.0,2.8,2.8,12.70046209652769,43.4,0.2,12.7,0.23892131803334307,18.733899533086458,22.2,1101.9657039711192,28.6,28.8,10.9,21.3,64.6,38.3,7.2,33464.08163492258,66.4,59.0,37.7,10.3,16.5894759138378,24.5,29.1,78.3,33.8,21.6,4880936.0,795008.0,2496636.0,610489.0,,0.901,33464.08163492258
Veneto,2019,Nord-est,5.0,18407.415699999998,54.5,56.9,66.2,42.9,42.2,88.1,36.0,57.8,77.2,59.3,70.8,68.4,77.5,57.3,43.3,38.4,29.3,59.9,49.8,29.0,55.4,83.5,92.6,20.8,51.3,69.3,46.3,68.3,86.2,63.4,55.2,70.4,71.1,105.0,32.2,81.8,73.3,75.5,39.1,41.9,44.6,65.3,11.5,42.7,15.8,62.8,57.1,60.0,39.5,20.8,492.0,3.1,3.5,20.97033591810405,43.4,0.4,12.0,0.20067797045538646,8.445054391940538,23.1,1088.2921960072595,29.6,28.9,8.3,22.1,64.7,38.0,9.3,34109.53428214425,65.6,59.2,37.0,10.6,16.9965062591571,24.7,30.6,79.7,35.449999999999996,21.6,4884590.0,784767.0,2493692.0,599649.0,,0.907,34109.53428214425
Veneto,2020,Nord-est,5.0,18407.415699999998,54.4,58.3,61.9,44.5,42.7,84.4,38.8,68.6,70.1,56.4,68.9,56.3,71.6,58.2,51.4,34.1,26.6,56.0,66.6,25.6,59.7,75.0,93.9,26.3,51.3,76.1,61.1,68.2,72.1,53.5,59.2,69.1,68.7,85.3,27.4,83.1,60.2,83.1,33.2,48.6,54.1,61.4,6.84,37.1,16.1,64.1,48.0,64.6,68.7,21.5625,476.0,4.7,2.9,26.51997153466218,43.4,0.3,8.7,0.20145133600511525,17.05530180900534,26.0,1069.3205828779599,30.900000000000002,31.3,11.2,19.2,65.7,31.2,6.4,31329.1,66.9,62.0,36.1,8.0,18.6640576860751,24.8,31.1,75.4,37.099999999999994,35.3,4879133.0,773519.0,2489416.0,587057.0,,0.9,31329.1
Veneto,2021,Nord-est,5.0,18407.415699999998,55.3,58.6,59.7,48.3,48.1,84.3,45.0,59.6,63.2,57.9,67.0,63.7,50.1,61.4,47.0,41.9,31.6,61.2,68.9,39.5,56.7,77.1,91.6,38.8,51.3,69.3,49.9,62.3,64.1,56.9,58.9,67.8,66.3,98.0,29.4,82.8,17.4,81.8,41.0,47.6,46.3,72.2,11.5,46.8,16.5,67.5,54.9,69.1,68.7,18.47058823529412,487.0,4.3,4.0,38.912830750650215,43.4,0.4,11.2,0.24248591712518394,21.955970248894545,25.0,1070.8977695167287,32.2,33.7,9.3,20.4,65.5,9.0,6.9,34995.601483288054,66.7,59.7,38.6,10.6,15.7940829351492,24.9,32.4,78.7,38.75,35.3,4869830.0,763938.0,2478665.0,576143.0,,0.907,34995.601483288054
Veneto,2022,Nord-est,5.0,18407.415699999998,56.8,58.6,64.3,48.5,46.7,89.6,50.6,58.3,56.0,59.7,67.1,63.0,66.2,65.8,46.1,41.3,31.9,62.4,71.2,33.7,59.7,83.5,95.8,49.8,51.3,63.0,53.5,51.9,60.2,60.3,59.2,67.4,66.8,96.7,29.4,83.0,49.4,84.2,47.3,45.5,46.7,71.4,11.1,46.4,17.5,71.1,53.7,73.6,68.7,19.76470588235294,476.0,3.1,2.0,49.928501621737745,43.4,0.5,10.4,0.32,24.32834750646688,24.0,1069.7020872865276,32.6,33.2,9.5,20.4,65.6,25.6,6.0,37978.67858701481,66.3,59.8,38.4,10.4,15.9213806710572,25.2,33.8,78.1,40.4,35.3,4847745.0,753068.0,2467002.0,563733.0,,0.914,37978.67858701481
Veneto,2023,Nord-est,5.0,18407.415699999998,59.5,60.6,67.3,51.6,46.7,89.4,54.3,55.8,64.3,59.7,66.8,62.0,81.3,68.6,53.2,49.4,33.3,58.8,71.2,33.7,59.7,83.5,95.4,57.4,51.3,63.0,48.6,68.4,60.2,60.3,59.2,67.0,66.7,94.6,29.4,86.1,76.5,84.2,53.0,54.3,52.1,82.2,16.5,48.8,17.8,71.1,46.5,73.6,68.7,19.76470588235294,476.0,3.1,2.2,57.47403543776457,43.4,0.5,11.5,0.2,24.32834750646688,24.0,1069.7020872865276,33.0,33.3,9.8,20.4,68.1,39.7,6.0,40639.056669896316,68.0,61.4,40.9,13.4,15.1832130759307,25.3,33.8,74.7,40.4,35.3,4849553.0,741223.0,2466799.0,551015.0,93.4,,40639.056669896316
